id,first_name,last_name,email,gender,ip_address,event_type
1,Reuven,Culross,,Male,227.24.206.239,account_disabled
2,Zuzana,Titmuss,ztitmuss1@pbs.org,Female,207.129.203.87,account_created
3,Michaeline,Naldrett,mnaldrett2@google.ca,Non-binary,107.53.81.149,account_created
4,Bennett,O'Kielt,bokielt3@last.fm,Male,76.216.235.171,account_created
5,Opal,Trebbett,otrebbett4@wikia.com,Female,1.216.209.41,account_disabled
6,Sigmund,Durrant,sdurrant5@state.gov,Male,51.41.224.213,account_created
7,Jaimie,Curro,jcurro6@unc.edu,Non-binary,124.144.174.45,account_created
8,Sydney,Iacobo,siacobo7@uiuc.edu,Male,18.123.66.53,account_created
9,Margalit,Reuther,mreuther8@eepurl.com,Female,137.17.11.18,account_created
10,Sashenka,Jatczak,sjatczak9@youtube.com,Female,127.71.249.128,account_created
11,Winny,Edinburough,wedinburougha@diigo.com,Female,166.7.3.124,account_created
12,Cameron,Loosmore,cloosmoreb@gizmodo.com,Male,137.211.74.158,account_created
13,Haskell,Chartman,hchartmanc@wunderground.com,Male,149.133.82.219,account_created
14,Freedman,Lownsbrough,flownsbroughd@blogspot.com,Male,25.194.10.223,account_created
15,Dalli,Ubsdall,dubsdalle@foxnews.com,Male,189.126.58.117,account_created
16,Gaby,Sutheran,gsutheranf@indiegogo.com,Male,64.1.4.212,account_disabled
17,Lay,Padbery,lpadberyg@instagram.com,Male,153.225.22.185,account_disabled
18,Timothee,Infante,tinfanteh@examiner.com,Genderfluid,86.10.98.163,account_created
19,Dorolice,Winkett,dwinketti@baidu.com,Female,224.19.148.168,account_created
20,Ronnica,Francello,rfrancelloj@sogou.com,Female,167.138.10.247,account_disabled
21,Frederico,Arkil,farkilk@spiegel.de,Male,39.219.40.38,account_created
22,Ashby,Mouth,amouthl@blogtalkradio.com,Male,3.34.189.35,account_disabled
23,Claudius,Croysdale,ccroysdalem@buzzfeed.com,Male,147.189.206.179,account_created
24,Melisenda,Harly,mharlyn@engadget.com,Female,120.85.38.138,account_created
25,Mildred,Hallums,mhallumso@dedecms.com,Female,61.163.62.100,account_disabled
26,Dill,Cowherd,dcowherdp@army.mil,Male,3.188.202.199,account_created
27,Marylinda,Cosgriff,mcosgriffq@over-blog.com,Female,60.35.219.76,account_created
28,Coralie,Crosen,ccrosenr@geocities.com,Female,213.233.0.209,account_created
29,Reinwald,Napoleon,rnapoleons@tumblr.com,Male,176.254.22.116,account_created
30,Edith,Mournian,emourniant@apache.org,Female,210.33.181.220,account_disabled
31,Boonie,Stonall,bstonallu@columbia.edu,Male,106.37.32.51,account_disabled
32,Rozamond,Grosier,rgrosierv@msn.com,Female,198.143.55.80,account_disabled
33,Dalis,Darwin,ddarwinw@list-manage.com,Male,194.64.104.91,account_disabled
34,Cornall,Eudall,ceudallx@altervista.org,Male,247.10.111.196,account_disabled
35,Kathlin,Sherborn,ksherborny@bbb.org,Female,242.106.38.148,account_disabled
36,Ky,Duffyn,kduffynz@uol.com.br,Male,223.201.96.61,account_disabled
37,Connor,Raselles,craselles10@ucsd.edu,Genderfluid,38.222.91.75,account_created
38,Phoebe,Denford,pdenford11@wiley.com,Female,57.253.219.214,account_disabled
39,Esteban,Martinuzzi,emartinuzzi12@earthlink.net,Male,238.112.225.172,account_disabled
40,Marji,Hull,mhull13@dmoz.org,Genderfluid,101.22.175.151,account_created
41,Nathalia,Wetwood,nwetwood14@xing.com,Female,206.172.5.32,account_disabled
42,Rudyard,Le Friec,rlefriec15@chron.com,Male,35.98.200.103,account_disabled
43,Nat,Decent,ndecent16@guardian.co.uk,Male,208.150.128.65,account_disabled
44,Dale,Farherty,dfarherty17@shutterfly.com,Male,154.231.225.238,account_disabled
45,Gottfried,Fonte,gfonte18@wufoo.com,Male,72.180.134.176,account_disabled
46,,Ferrieroi,mferrieroi19@nasa.gov,Female,186.31.134.33,account_created
47,Cesare,Ducker,cducker1a@marketwatch.com,Male,82.54.252.201,account_created
48,Concordia,Beeres,cbeeres1b@privacy.gov.au,Female,41.21.248.227,account_created
49,Ezmeralda,Fulkes,efulkes1c@nifty.com,Agender,227.151.78.2,account_disabled
50,Mary,Sandcroft,msandcroft1d@tamu.edu,Female,245.173.169.248,account_disabled
51,Justinian,Foyle,jfoyle1e@nba.com,Male,109.205.44.212,account_disabled
52,Zaria,Scourfield,zscourfield1f@t.co,Bigender,42.141.204.247,account_created
53,Bonny,Ferronel,bferronel1g@mozilla.org,Non-binary,97.85.19.206,account_disabled
54,Yolanda,Tinsey,ytinsey1h@mlb.com,Female,181.186.78.159,account_disabled
55,Carolan,Heinig,cheinig1i@homestead.com,Female,120.87.6.94,account_created
56,Elisha,Cloney,ecloney1j@elpais.com,Genderfluid,114.125.0.121,account_disabled
57,Andros,Cuddy,acuddy1k@spiegel.de,Male,37.27.71.126,account_created
58,Angelico,Juszczyk,ajuszczyk1l@youtu.be,Male,40.192.123.167,account_disabled
59,Deeanne,Penella,dpenella1m@hao123.com,Female,224.108.122.158,account_disabled
60,Juana,Letterick,jletterick1n@imageshack.us,Female,79.242.205.124,account_created
61,Ruthann,McIan,rmcian1o@independent.co.uk,Female,81.9.254.70,account_disabled
62,Clarette,Soldi,csoldi1p@nps.gov,Female,34.188.218.61,account_disabled
63,Peria,Hardie,phardie1q@lulu.com,Female,198.49.150.20,account_created
64,Berty,Beldon,bbeldon1r@nytimes.com,Female,79.89.88.148,account_created
65,,Vevers,fvevers1s@latimes.com,Non-binary,132.220.250.212,account_disabled
66,Hale,Lakin,hlakin1t@shareasale.com,Male,69.230.184.251,account_created
67,Meggie,Seiler,mseiler1u@ihg.com,Female,45.148.9.31,account_created
68,Haroun,Baybutt,hbaybutt1v@sakura.ne.jp,Male,93.38.71.100,account_disabled
69,Mufi,Jepps,mjepps1w@delicious.com,Female,172.69.49.89,account_created
70,Aida,Culpin,aculpin1x@walmart.com,Female,213.205.23.148,account_disabled
71,Valeria,Liddle,vliddle1y@ibm.com,Female,24.142.110.95,account_disabled
72,Dorene,Freiburger,dfreiburger1z@behance.net,Female,158.16.160.149,account_disabled
73,Cordy,Luke,cluke20@netscape.com,Female,136.13.155.224,account_created
74,Vi,Kensy,vkensy21@pagesperso-orange.fr,Female,152.10.168.154,account_disabled
75,Cheston,Creffield,ccreffield22@wikia.com,Male,18.72.12.206,account_disabled
76,Hiram,Barker,hbarker23@latimes.com,Male,253.112.54.105,account_disabled
77,Jerrilee,Lindeman,jlindeman24@canalblog.com,Agender,149.171.181.221,account_created
78,,Croome,kcroome25@photobucket.com,Male,189.226.184.235,account_created
79,Ilysa,Dicty,idicty26@furl.net,Female,102.120.147.126,account_created
80,Kania,St. Louis,kstlouis27@guardian.co.uk,Female,172.3.211.132,account_disabled
81,Corney,Amesbury,camesbury28@narod.ru,Male,167.101.170.242,account_disabled
82,Delmore,Clunie,dclunie29@economist.com,Male,151.177.135.136,account_disabled
83,Raynor,Ricardin,rricardin2a@ask.com,Male,27.43.232.53,account_disabled
84,Roch,Paulucci,rpaulucci2b@homestead.com,Agender,24.20.16.120,account_created
85,Lorne,Jersch,ljersch2c@archive.org,Male,221.123.178.111,account_created
86,Roselia,Bowne,rbowne2d@elpais.com,Female,149.58.117.129,account_created
87,Derril,Finneran,dfinneran2e@ovh.net,Male,92.253.74.34,account_created
88,Alister,Barenskie,abarenskie2f@cargocollective.com,Male,131.187.197.137,account_disabled
89,Norbie,Willshaw,nwillshaw2g@cnn.com,Male,35.72.218.169,account_created
90,Arleyne,Quye,aquye2h@dot.gov,Female,251.142.53.109,account_disabled
91,Jourdan,Dollen,jdollen2i@sfgate.com,Female,13.38.135.62,account_created
92,Demott,Klishin,dklishin2j@rediff.com,Male,4.141.22.139,account_disabled
93,Elnora,Worham,eworham2k@symantec.com,Female,168.130.226.242,account_created
94,Anatol,Edelmann,aedelmann2l@tinypic.com,Agender,96.186.199.42,account_disabled
95,Harley,Kilbourne,hkilbourne2m@360.cn,Female,32.172.136.166,account_disabled
96,Wadsworth,Fink,wfink2n@washington.edu,Male,231.101.71.18,account_disabled
97,Rafaello,Edling,redling2o@posterous.com,Male,152.94.2.1,account_created
98,Stevie,Gheraldi,sgheraldi2p@cnet.com,Male,248.152.46.138,account_created
99,Sue,Langran,slangran2q@usa.gov,Female,189.18.195.223,account_disabled
100,Addy,Camies,acamies2r@independent.co.uk,Female,84.186.181.214,account_created
101,Thain,Henryson,thenryson2s@ibm.com,Male,211.205.4.199,account_created
102,Yuri,McCuthais,ymccuthais2t@mac.com,Male,93.203.218.181,account_disabled
103,Phillis,Chiles,pchiles2u@naver.com,Female,54.99.128.157,account_disabled
104,Fletcher,Glitherow,fglitherow2v@google.fr,Male,194.30.172.26,account_disabled
105,Elisha,Housbey,ehousbey2w@slashdot.org,Female,116.166.135.224,account_disabled
106,Dolley,Slopier,dslopier2x@google.com.br,Female,50.92.245.45,account_created
107,Xylia,Oates,xoates2y@opera.com,Female,129.102.170.23,account_disabled
108,Drona,Bilbrooke,dbilbrooke2z@wiley.com,Female,140.144.70.199,account_disabled
109,Rosetta,Hayen,rhayen30@ezinearticles.com,Female,30.180.182.91,account_disabled
110,Darcy,Cristofvao,dcristofvao31@china.com.cn,Male,122.217.82.159,account_created
111,Hobard,Rees,hrees32@state.tx.us,Male,219.47.61.219,account_disabled
112,Nollie,Portal,nportal33@jugem.jp,Female,6.187.91.219,account_disabled
113,Steve,Heinle,sheinle34@cloudflare.com,Male,233.142.13.54,account_created
114,Kele,Dobbing,kdobbing35@cpanel.net,Male,212.196.230.86,account_disabled
115,Elbert,Shimmings,eshimmings36@pbs.org,Male,166.209.228.139,account_disabled
116,Silvan,Casina,scasina37@liveinternet.ru,Male,155.84.156.17,account_disabled
117,Marysa,Levermore,mlevermore38@berkeley.edu,Female,239.204.213.148,account_disabled
118,Alidia,Pember,apember39@marketwatch.com,Female,43.42.120.74,account_created
119,Gus,Muckloe,gmuckloe3a@yellowpages.com,Genderqueer,102.90.180.157,account_disabled
120,Lily,O'Daly,lodaly3b@latimes.com,Female,237.50.173.117,account_created
121,Bale,Dilleway,bdilleway3c@eepurl.com,Male,220.30.218.215,account_created
122,Brandea,Wawer,bwawer3d@nbcnews.com,Female,110.131.103.38,account_created
123,Gwenora,Bennen,gbennen3e@intel.com,Female,108.125.204.69,account_disabled
124,Avram,Calyton,acalyton3f@walmart.com,Male,206.208.193.199,account_disabled
125,Rainer,Lyman,rlyman3g@yolasite.com,Male,140.132.165.68,account_disabled
126,Thomasina,Schustl,tschustl3h@tripadvisor.com,Female,113.149.26.196,account_disabled
127,Tildy,Aberhart,taberhart3i@ucoz.ru,Female,175.44.230.68,account_created
128,Jo-ann,Selwyn,,Female,229.160.246.88,account_disabled
129,Skippy,Sante,ssante3k@csmonitor.com,Male,175.87.244.140,account_disabled
130,Jemmie,Youthed,jyouthed3l@usda.gov,Female,99.252.195.82,account_created
131,Mandi,Maryman,mmaryman3m@usda.gov,Female,192.75.201.53,account_created
132,Jone,Eastup,,Male,175.50.217.215,account_created
133,Bea,Kinforth,bkinforth3o@sohu.com,Female,135.125.67.231,account_created
134,Dianna,Cranefield,dcranefield3p@squarespace.com,Female,107.146.163.147,account_disabled
135,Kikelia,Brocklesby,kbrocklesby3q@yahoo.com,Female,116.219.190.45,account_created
136,Joell,Ritzman,jritzman3r@eepurl.com,Female,229.241.223.245,account_disabled
137,Thaddus,Hiscoe,thiscoe3s@quantcast.com,Male,149.157.117.5,account_created
138,Egan,Glaister,eglaister3t@usda.gov,Male,1.213.100.145,account_disabled
139,Lock,Gimenez,lgimenez3u@adobe.com,Male,47.110.111.113,account_disabled
140,Anabal,Benzie,abenzie3v@fema.gov,Female,213.218.4.216,account_disabled
141,Berny,Lempertz,blempertz3w@microsoft.com,Male,32.38.83.180,account_disabled
142,Berkley,Deppe,bdeppe3x@dion.ne.jp,Male,0.150.230.205,account_created
143,Eberto,Lampl,elampl3y@google.it,Male,231.148.124.126,account_created
144,Chrystal,Trulocke,ctrulocke3z@sphinn.com,Female,144.142.174.11,account_created
145,Brod,Thirwell,bthirwell40@tripadvisor.com,Male,49.211.220.253,account_disabled
146,Breena,Bulcock,bbulcock41@home.pl,Non-binary,52.153.44.70,account_disabled
147,Olga,Binch,,Female,25.222.146.88,account_disabled
148,Adora,Skerrett,askerrett43@washington.edu,Female,204.178.84.120,account_disabled
149,Lauree,Antoney,lantoney44@yahoo.com,Genderqueer,247.188.196.70,account_created
150,Regan,Piccop,rpiccop45@trellian.com,Male,54.214.126.91,account_created
151,Katharyn,Sivill,ksivill46@topsy.com,Female,40.25.253.78,account_created
152,,Mylan,emylan47@soundcloud.com,Male,108.198.49.231,account_disabled
153,Celine,Purdey,cpurdey48@sciencedaily.com,Female,98.169.157.154,account_disabled
154,Kameko,Yorkston,kyorkston49@epa.gov,Female,249.32.75.180,account_disabled
155,Scarlet,Hucker,shucker4a@usda.gov,Female,139.82.36.58,account_created
156,Arni,Cranfield,acranfield4b@webeden.co.uk,Male,192.52.30.170,account_disabled
157,,Fountain,sfountain4c@baidu.com,Male,174.148.117.3,account_disabled
158,Zitella,McMillian,zmcmillian4d@blog.com,Female,164.110.122.167,account_disabled
159,Forester,Tribble,ftribble4e@ow.ly,Male,103.238.150.51,account_disabled
160,Seka,Addison,saddison4f@shinystat.com,Female,117.182.174.183,account_disabled
161,Beatriz,Gottschalk,bgottschalk4g@domainmarket.com,Female,248.242.197.84,account_disabled
162,Michail,D'Aeth,mdaeth4h@odnoklassniki.ru,Male,123.61.220.34,account_disabled
163,Lief,Smithson,lsmithson4i@digg.com,Male,96.252.188.73,account_created
164,Daffie,McNeilley,dmcneilley4j@independent.co.uk,Female,143.60.5.248,account_disabled
165,Robina,Cherrie,rcherrie4k@ft.com,Female,86.27.232.213,account_created
166,Billie,Hofler,bhofler4l@gnu.org,Male,209.227.142.192,account_disabled
167,Elfreda,Masding,emasding4m@mediafire.com,Female,245.120.64.73,account_created
168,Kipp,Berntsson,kberntsson4n@elpais.com,Female,136.100.189.76,account_created
169,Chad,Whitticks,cwhitticks4o@woothemes.com,Female,113.1.112.4,account_created
170,Alexandre,Stainland,astainland4p@msu.edu,Male,246.163.40.7,account_created
171,Conway,Tilliards,ctilliards4q@wsj.com,Male,220.87.23.27,account_created
172,Jaymee,Fairfull,jfairfull4r@goo.gl,Female,136.100.28.39,account_created
173,Baily,Eltune,beltune4s@ifeng.com,Male,255.13.148.136,account_disabled
174,,Crabtree,rcrabtree4t@twitpic.com,Male,209.209.138.60,account_created
175,Janice,Artindale,jartindale4u@pinterest.com,Female,7.75.28.255,account_created
176,Hazlett,Jakes,hjakes4v@acquirethisname.com,Male,98.234.225.26,account_created
177,Ondrea,Coldbreath,ocoldbreath4w@sina.com.cn,Female,21.26.162.146,account_created
178,Shayna,Martin,,Polygender,225.180.28.163,account_created
179,Trista,Anyene,tanyene4y@wunderground.com,Female,151.238.113.222,account_disabled
180,Lindie,Pawellek,lpawellek4z@privacy.gov.au,Female,99.164.240.188,account_disabled
181,Dallis,Himsworth,dhimsworth50@wikia.com,Male,38.95.39.163,account_created
182,Bondie,Akhurst,bakhurst51@mozilla.com,Male,80.114.6.83,account_created
183,Ellis,Gillum,,Male,97.10.195.3,account_created
184,,McVeagh,dmcveagh53@chron.com,Male,65.46.219.160,account_created
185,Anett,Brighouse,abrighouse54@cargocollective.com,Female,16.82.108.123,account_created
186,Erik,Littler,elittler55@unesco.org,Male,135.87.242.219,account_disabled
187,Donelle,Jerzykiewicz,djerzykiewicz56@home.pl,Female,249.229.203.35,account_disabled
188,Tamas,Peevor,tpeevor57@smh.com.au,Male,204.28.47.248,account_created
189,Leann,Imrie,limrie58@chronoengine.com,Female,192.240.254.37,account_disabled
190,Dayle,Grigoli,dgrigoli59@icq.com,Female,181.251.252.131,account_created
191,Corena,Hasell,,Genderfluid,184.106.144.110,account_created
192,Natassia,Scotson,nscotson5b@nba.com,Female,36.82.124.234,account_created
193,Kaine,Bettinson,kbettinson5c@patch.com,Male,133.9.230.156,account_disabled
194,Collette,Fullerd,cfullerd5d@smh.com.au,Female,80.99.231.235,account_created
195,,Blonden,jblonden5e@vkontakte.ru,Female,246.5.139.46,account_disabled
196,Blanca,Risson,brisson5f@xrea.com,Female,181.18.135.41,account_disabled
197,Waverly,Ruzek,wruzek5g@rakuten.co.jp,Male,216.236.133.181,account_created
198,Katalin,Richie,krichie5h@usda.gov,Female,135.215.169.34,account_disabled
199,Carlynn,Pllu,cpllu5i@last.fm,Female,46.92.160.135,account_disabled
200,Dom,Shephard,dshephard5j@craigslist.org,Male,8.76.251.59,account_disabled
201,Walden,Le Noir,wlenoir5k@behance.net,Male,148.185.66.226,account_created
202,Goober,Yeld,gyeld5l@simplemachines.org,Male,154.245.153.74,account_disabled
203,Teresita,Bailes,tbailes5m@drupal.org,Female,164.149.167.31,account_disabled
204,Fianna,Ducket,fducket5n@4shared.com,Female,52.160.8.39,account_disabled
205,Curcio,O'Nions,conions5o@etsy.com,Male,224.6.215.186,account_disabled
206,Torin,Alden,talden5p@thetimes.co.uk,Male,164.194.84.52,account_created
207,Darcy,Mengue,dmengue5q@smh.com.au,Female,133.35.99.248,account_disabled
208,Essie,Aslin,easlin5r@mapy.cz,Female,20.123.132.153,account_created
209,Celie,Esp,cesp5s@webnode.com,Female,35.6.165.30,account_disabled
210,Staford,Bendan,sbendan5t@toplist.cz,Male,58.57.166.1,account_created
211,Van,O'Dreain,vodreain5u@studiopress.com,Male,117.245.56.240,account_created
212,Timmie,Jehan,tjehan5v@biblegateway.com,Male,150.216.91.61,account_created
213,Jean,Van Castele,jvancastele5w@sakura.ne.jp,Female,125.93.252.100,account_disabled
214,,Shakesbye,dshakesbye5x@freewebs.com,Female,109.82.205.218,account_disabled
215,Hillier,Aspole,haspole5y@examiner.com,Male,97.197.233.119,account_disabled
216,Jaquith,Bain,jbain5z@xrea.com,Female,211.58.69.72,account_created
217,Daisie,Dametti,ddametti60@macromedia.com,Female,12.52.89.64,account_disabled
218,Hamish,Hay,hhay61@gmpg.org,Male,37.18.253.23,account_created
219,Malina,McGraw,mmcgraw62@businessweek.com,Female,245.16.188.208,account_created
220,Izabel,Pollen,ipollen63@google.es,Female,251.112.216.88,account_created
221,Frannie,Antonikov,fantonikov64@berkeley.edu,Male,87.137.67.56,account_created
222,Matilda,Beagen,,Female,123.48.82.162,account_disabled
223,Tommie,Ansett,tansett66@fema.gov,Genderfluid,46.82.22.51,account_created
224,Marthena,Rapsey,mrapsey67@ocn.ne.jp,Female,150.55.243.164,account_created
225,Guglielma,Linacre,glinacre68@youtu.be,Female,51.207.212.52,account_disabled
226,Farris,Leaman,fleaman69@pcworld.com,Male,215.251.229.1,account_created
227,Vic,Caillou,vcaillou6a@auda.org.au,Male,74.73.202.71,account_disabled
228,Angelia,McNae,amcnae6b@gizmodo.com,Female,135.20.185.49,account_created
229,Josias,Haliday,jhaliday6c@blog.com,Male,95.76.166.224,account_disabled
230,Renae,Nineham,rnineham6d@walmart.com,Female,71.69.1.15,account_created
231,Morris,Grouvel,mgrouvel6e@sciencedaily.com,Male,55.227.0.31,account_disabled
232,Cull,Reinbech,creinbech6f@ask.com,Male,41.96.144.215,account_disabled
233,Jeanine,Jonsson,jjonsson6g@google.pl,Female,5.190.116.178,account_disabled
234,Honey,Sheilds,hsheilds6h@epa.gov,Female,30.135.251.78,account_created
235,Neely,DelaField,ndelafield6i@yellowpages.com,Polygender,57.101.113.134,account_disabled
236,Ring,Mallia,rmallia6j@deliciousdays.com,Male,201.189.83.221,account_disabled
237,Mack,Slyde,mslyde6k@webmd.com,Male,123.26.95.61,account_disabled
238,Romona,Gawthorp,rgawthorp6l@51.la,Female,132.111.44.206,account_disabled
239,Page,Gemelli,pgemelli6m@wiley.com,Male,183.151.168.86,account_disabled
240,Brion,Laughlan,blaughlan6n@bizjournals.com,Male,199.169.253.74,account_disabled
241,Amelina,Pool,apool6o@sakura.ne.jp,Female,221.133.41.107,account_created
242,Dick,Mulrooney,,Male,120.170.29.18,account_created
243,Ripley,Mobley,rmobley6q@acquirethisname.com,Male,171.125.169.162,account_created
244,Morgan,Veevers,mveevers6r@deviantart.com,Female,77.135.121.79,account_created
245,Rubetta,MacGiolla,rmacgiolla6s@cdc.gov,Female,175.119.230.75,account_disabled
246,Nata,Moreinu,nmoreinu6t@bbc.co.uk,Female,3.186.217.184,account_created
247,Timmie,Pudsall,tpudsall6u@51.la,Male,244.122.11.123,account_created
248,,Blabie,gblabie6v@drupal.org,Male,15.69.201.191,account_created
249,Keeley,Belk,kbelk6w@fema.gov,Female,16.254.93.24,account_created
250,Vance,Bax,vbax6x@infoseek.co.jp,Male,196.184.84.251,account_disabled
251,Nicolais,Bettesworth,nbettesworth6y@wired.com,Genderfluid,111.102.21.188,account_disabled
252,Myca,Perello,mperello6z@ameblo.jp,Male,128.242.52.60,account_created
253,Kettie,Beswell,kbeswell70@msu.edu,Female,178.170.121.131,account_disabled
254,Lorita,Lamont,llamont71@myspace.com,Female,239.39.67.181,account_disabled
255,Eldridge,Chritchley,echritchley72@seesaa.net,Male,22.255.20.37,account_created
256,Madlin,Snashall,msnashall73@europa.eu,Genderfluid,210.253.81.173,account_created
257,Tuck,Battams,tbattams74@ycombinator.com,Male,81.207.179.33,account_disabled
258,Harold,Gallamore,hgallamore75@yellowpages.com,Male,50.109.222.4,account_created
259,Lorrayne,Reay,lreay76@webnode.com,Genderqueer,151.69.247.97,account_disabled
260,,Medcalf,lmedcalf77@meetup.com,Male,81.250.214.40,account_disabled
261,Pennie,Welbrock,pwelbrock78@about.com,Bigender,12.64.77.69,account_disabled
262,Kitty,Mallett,kmallett79@nbcnews.com,Female,232.16.104.205,account_created
263,Allianora,Fouldes,afouldes7a@indiatimes.com,Female,239.122.108.151,account_disabled
264,Cedric,Mohammad,cmohammad7b@pinterest.com,Male,216.95.186.131,account_created
265,Adrian,Vaudrey,avaudrey7c@auda.org.au,Male,116.25.49.35,account_created
266,York,Spraging,yspraging7d@skype.com,Male,89.105.150.24,account_created
267,Salomi,Baylis,sbaylis7e@timesonline.co.uk,Female,63.175.183.84,account_created
268,Denver,Hall,dhall7f@ask.com,Male,118.24.252.13,account_created
269,Corabel,Fairfoot,cfairfoot7g@about.me,Female,198.93.15.56,account_disabled
270,Althea,Loton,aloton7h@reuters.com,Bigender,59.247.180.57,account_created
271,Britte,Duxbarry,bduxbarry7i@springer.com,Female,127.213.46.127,account_created
272,Torin,Clace,tclace7j@simplemachines.org,Male,96.40.112.51,account_created
273,Lindsy,Kezourec,lkezourec7k@intel.com,Non-binary,84.67.103.165,account_disabled
274,Derrik,Kellie,dkellie7l@ucoz.ru,Male,178.236.207.62,account_created
275,Tad,Dacombe,tdacombe7m@youku.com,Male,143.247.51.77,account_created
276,Burr,Fodden,bfodden7n@webmd.com,Male,51.234.68.58,account_disabled
277,Fawne,Standley,fstandley7o@forbes.com,Female,221.134.224.47,account_created
278,Gearalt,Shovell,gshovell7p@google.com,Male,247.195.108.54,account_created
279,Missie,McCurt,mmccurt7q@mayoclinic.com,Female,160.142.208.101,account_disabled
280,Fanni,Jagiello,fjagiello7r@dropbox.com,Female,102.113.240.23,account_disabled
281,Pepita,Benadette,pbenadette7s@joomla.org,Female,254.36.32.204,account_created
282,Leese,Haimes,lhaimes7t@issuu.com,Female,21.240.226.4,account_created
283,Nealson,Leyninye,,Agender,144.243.73.144,account_created
284,Yoshiko,Haggett,yhaggett7v@abc.net.au,Female,77.136.202.71,account_created
285,Tallie,Gerlack,tgerlack7w@craigslist.org,Agender,144.15.250.139,account_created
286,Allsun,Holbury,aholbury7x@va.gov,Female,224.88.107.206,account_created
287,Falito,Slocomb,fslocomb7y@admin.ch,Male,23.52.125.121,account_created
288,Bronnie,Vase,bvase7z@trellian.com,Male,156.128.163.74,account_created
289,Gretal,Banishevitz,gbanishevitz80@oakley.com,Genderfluid,38.98.60.232,account_created
290,Ruthi,Buy,rbuy81@indiatimes.com,Female,136.175.31.47,account_created
291,Iorgos,Lamke,ilamke82@parallels.com,Male,235.72.85.246,account_disabled
292,Giorgio,Rimbault,grimbault83@mozilla.com,Male,166.213.149.10,account_disabled
293,Friedrich,Kersaw,fkersaw84@rambler.ru,Male,213.160.146.18,account_created
294,Shane,Brameld,sbrameld85@huffingtonpost.com,Male,8.145.248.9,account_created
295,Gil,Tarborn,gtarborn86@ca.gov,Male,71.47.221.241,account_created
296,Katuscha,Geraldez,kgeraldez87@goodreads.com,Female,126.226.104.7,account_disabled
297,Egan,Gapper,egapper88@friendfeed.com,Genderfluid,191.88.75.98,account_created
298,Vaclav,Emeny,vemeny89@shareasale.com,Male,75.174.112.64,account_created
299,Seward,Ryhorovich,sryhorovich8a@xinhuanet.com,Male,176.103.82.92,account_created
300,Wainwright,Nizet,wnizet8b@princeton.edu,Male,132.39.2.114,account_created
301,,Nyles,bnyles8c@ibm.com,Polygender,177.96.61.160,account_created
302,Erinna,Cody,ecody8d@senate.gov,Agender,160.198.16.188,account_created
303,Misti,Kitchiner,mkitchiner8e@cisco.com,Female,66.103.208.211,account_created
304,Sandra,Normington,snormington8f@theatlantic.com,Female,45.204.77.183,account_created
305,Holmes,Magnay,hmagnay8g@usnews.com,Male,250.189.17.48,account_disabled
306,Brigida,Impy,bimpy8h@europa.eu,Genderfluid,105.229.214.226,account_created
307,Gabbie,Hullock,ghullock8i@sfgate.com,Male,169.89.101.199,account_created
308,Byrann,Petche,bpetche8j@t.co,Male,250.144.209.130,account_disabled
309,Carmine,Seniour,cseniour8k@bing.com,Female,2.0.8.128,account_created
310,Eldredge,Stockney,estockney8l@cnn.com,Male,229.174.125.166,account_created
311,Pietra,Tattersfield,ptattersfield8m@blogs.com,Female,221.23.108.104,account_disabled
312,Maurene,Bentjens,mbentjens8n@cpanel.net,Female,218.30.76.20,account_created
313,Grissel,Blunderfield,gblunderfield8o@nytimes.com,Female,59.82.128.204,account_disabled
314,Jeanette,Pollok,jpollok8p@shareasale.com,Female,213.232.224.25,account_created
315,Trueman,Benoey,tbenoey8q@wikia.com,Male,164.18.31.131,account_disabled
316,Ches,Donkersley,cdonkersley8r@nationalgeographic.com,Male,197.174.70.178,account_created
317,Gill,House,ghouse8s@ft.com,Female,159.159.219.37,account_disabled
318,Antin,Conkling,aconkling8t@telegraph.co.uk,Bigender,57.11.152.112,account_created
319,Phelia,Tedder,ptedder8u@cargocollective.com,Female,221.211.22.42,account_disabled
320,Cinda,Just,cjust8v@microsoft.com,Female,136.119.187.124,account_created
321,Tyrone,Wassell,twassell8w@mapy.cz,Male,22.218.244.113,account_disabled
322,Peyton,Sprason,psprason8x@businesswire.com,Male,23.45.91.247,account_created
323,Retha,Brave,rbrave8y@uiuc.edu,Female,166.43.106.38,account_disabled
324,Siana,Elvey,selvey8z@amazon.co.jp,Female,236.102.178.78,account_disabled
325,Chas,Dakin,cdakin90@e-recht24.de,Male,136.96.104.6,account_created
326,Templeton,Absolon,tabsolon91@washington.edu,Male,248.196.133.157,account_disabled
327,Ingmar,Myrick,imyrick92@tumblr.com,Male,228.5.230.240,account_created
328,Leonie,Harrismith,lharrismith93@squarespace.com,Female,48.84.75.108,account_disabled
329,Jeni,Britland,jbritland94@shareasale.com,Female,182.61.27.135,account_disabled
330,Tannie,Jurgensen,tjurgensen95@foxnews.com,Male,205.94.190.212,account_disabled
331,Kelley,Konig,kkonig96@ftc.gov,Female,48.105.58.25,account_created
332,Karl,Bloss,kbloss97@sbwire.com,Male,127.15.13.74,account_created
333,Alica,Stogill,astogill98@xing.com,Female,188.240.68.137,account_created
334,Mirabella,Popham,mpopham99@microsoft.com,Female,28.39.189.254,account_created
335,Granger,Welton,gwelton9a@businessinsider.com,Male,206.80.172.106,account_disabled
336,Tiffy,Don,tdon9b@weebly.com,Female,32.4.163.182,account_disabled
337,Deerdre,Mattussevich,dmattussevich9c@vinaora.com,Female,60.18.60.89,account_created
338,Marc,Dickon,mdickon9d@free.fr,Male,247.131.14.239,account_disabled
339,Gabriel,Gomer,ggomer9e@disqus.com,Female,166.60.180.146,account_created
340,Hank,Surby,hsurby9f@nydailynews.com,Male,94.168.225.189,account_created
341,Alice,Stockin,astockin9g@godaddy.com,Female,88.164.30.161,account_created
342,Gabriel,Luxton,gluxton9h@360.cn,Male,46.187.0.123,account_disabled
343,,Trodler,strodler9i@yellowbook.com,Male,24.161.185.240,account_disabled
344,Syman,Legrice,slegrice9j@businesswire.com,Male,60.16.94.100,account_created
345,Illa,Jewiss,ijewiss9k@e-recht24.de,Female,20.183.189.197,account_created
346,Raphael,Gresch,rgresch9l@auda.org.au,Male,231.100.74.214,account_disabled
347,Charlene,Mercer,cmercer9m@google.com.au,Female,140.80.150.60,account_created
348,Georgie,Genner,ggenner9n@amazon.de,Genderqueer,17.77.161.189,account_disabled
349,Francklin,Muffitt,fmuffitt9o@amazonaws.com,Male,188.195.192.13,account_disabled
350,Mitzi,Spilstead,mspilstead9p@parallels.com,Female,220.179.55.60,account_created
351,Anselma,Ornillos,aornillos9q@infoseek.co.jp,Female,162.187.53.148,account_created
352,Dex,Commings,dcommings9r@marketwatch.com,Non-binary,20.233.178.139,account_disabled
353,Bonnie,Corston,bcorston9s@istockphoto.com,Female,106.31.245.114,account_disabled
354,Sindee,Bunney,sbunney9t@mysql.com,Genderfluid,174.218.113.158,account_created
355,Jedidiah,Delleschi,,Male,77.113.118.34,account_created
356,Alina,Marklew,amarklew9v@zdnet.com,Female,241.209.138.173,account_disabled
357,Adolpho,Bell,abell9w@time.com,Male,65.145.64.140,account_disabled
358,Ange,Crellin,acrellin9x@ustream.tv,Male,48.14.143.224,account_created
359,Caldwell,Sawdy,csawdy9y@microsoft.com,Male,158.74.141.67,account_disabled
360,Padraig,Hubert,phubert9z@vimeo.com,Male,229.74.205.99,account_created
361,Everett,Scoterbosh,escoterbosha0@so-net.ne.jp,Male,108.122.86.51,account_created
362,Kathrine,McCrow,,Female,31.161.82.48,account_created
363,Eleonore,Van Halle,evanhallea2@cbsnews.com,Female,230.101.117.158,account_disabled
364,Audrye,Dedney,adedneya3@comcast.net,Female,152.104.212.95,account_disabled
365,Gloriane,Quigg,gquigga4@smh.com.au,Female,87.218.93.39,account_disabled
366,Koressa,Dearle,kdearlea5@berkeley.edu,Female,16.26.38.240,account_disabled
367,Camey,Wreakes,cwreakesa6@cbsnews.com,Male,9.168.221.203,account_disabled
368,Emlen,Aulsford,eaulsforda7@zimbio.com,Male,93.204.129.119,account_disabled
369,Phoebe,Sansam,psansama8@pinterest.com,Female,161.50.62.132,account_disabled
370,Temple,Yarnall,tyarnalla9@twitter.com,Male,114.108.111.218,account_disabled
371,Rancell,Buckerfield,rbuckerfieldaa@homestead.com,Male,149.59.25.13,account_created
372,Karlene,Nutkin,knutkinab@amazon.de,Female,142.191.96.203,account_created
373,Dahlia,Gradley,dgradleyac@java.com,Female,187.73.112.29,account_created
374,Dew,Josifovitz,djosifovitzad@google.com,Male,201.153.43.114,account_created
375,Dorelle,Mitchenson,dmitchensonae@paypal.com,Female,240.106.151.211,account_disabled
376,Devinne,Fitzmaurice,dfitzmauriceaf@printfriendly.com,Female,190.237.228.221,account_created
377,Borden,Jerok,bjerokag@narod.ru,Male,234.130.171.10,account_created
378,Gilberto,Sommerled,gsommerledah@liveinternet.ru,Male,28.96.12.72,account_disabled
379,Megen,Cominello,mcominelloai@home.pl,Female,63.243.113.155,account_created
380,Miner,Jakubovics,mjakubovicsaj@wikipedia.org,Male,63.53.200.231,account_disabled
381,Babs,Stoade,bstoadeak@google.com,Female,101.138.208.252,account_disabled
382,Noell,Brame,nbrameal@answers.com,Female,133.35.194.68,account_created
383,Yanaton,Longley,ylongleyam@merriam-webster.com,Male,20.121.77.220,account_disabled
384,Wolfgang,McElree,wmcelreean@homestead.com,Male,251.120.38.132,account_created
385,Art,Childers,achildersao@theglobeandmail.com,Male,149.101.207.194,account_created
386,Ced,Lamberton,,Male,42.241.56.62,account_disabled
387,Frieda,Romaine,fromaineaq@flickr.com,Female,192.75.222.227,account_created
388,Christophorus,Mc Curlye,cmccurlyear@amazon.co.uk,Male,210.85.226.51,account_created
389,Lanie,Demschke,ldemschkeas@deviantart.com,Female,147.79.10.136,account_disabled
390,Vita,Capnerhurst,vcapnerhurstat@slashdot.org,Female,228.153.9.22,account_disabled
391,Dael,Daddow,ddaddowau@jalbum.net,Male,222.57.10.59,account_created
392,Ninnetta,Laidel,nlaidelav@wp.com,Female,37.92.41.110,account_created
393,Taite,Nunns,tnunnsaw@delicious.com,Male,18.7.19.54,account_disabled
394,Alexandros,Capnor,acapnorax@cbslocal.com,Genderfluid,143.164.97.86,account_disabled
395,Annabelle,Messiter,amessiteray@opensource.org,Female,41.137.220.167,account_disabled
396,Elton,Tzarkov,etzarkovaz@wikimedia.org,Male,138.254.80.139,account_disabled
397,Winnie,Ambler,wamblerb0@pcworld.com,Male,176.219.84.127,account_disabled
398,Quinn,Masic,qmasicb1@latimes.com,Female,4.233.214.160,account_disabled
399,Carlin,Reek,creekb2@abc.net.au,Female,123.164.128.255,account_created
400,Mel,Hackford,mhackfordb3@amazon.de,Male,159.183.240.66,account_disabled
401,Stephie,Redding,sreddingb4@cocolog-nifty.com,Non-binary,136.228.60.20,account_disabled
402,Roda,Sabbin,,Female,180.60.28.196,account_disabled
403,Mufi,Clelle,mclelleb6@topsy.com,Female,6.152.247.17,account_created
404,Elka,Musselwhite,emusselwhiteb7@nasa.gov,Female,169.93.121.248,account_created
405,Giacinta,Mc Elory,gmceloryb8@blogspot.com,Female,137.103.153.131,account_disabled
406,Marshall,Berzin,mberzinb9@yandex.ru,Male,110.7.234.0,account_created
407,Charlton,Ferrarese,cferrareseba@answers.com,Male,5.13.34.244,account_created
408,Eleni,Desorts,edesortsbb@dion.ne.jp,Female,38.101.111.105,account_created
409,Alyosha,Streeton,astreetonbc@cmu.edu,Male,55.102.65.249,account_disabled
410,Nina,McKendry,,Female,48.191.106.77,account_created
411,Rosabella,Moutray Read,rmoutrayreadbe@liveinternet.ru,Female,81.24.153.170,account_disabled
412,Shayne,Rambadt,srambadtbf@skyrock.com,Male,58.53.161.135,account_disabled
413,Hansiain,Stillmann,hstillmannbg@yellowpages.com,Male,243.56.145.15,account_disabled
414,Hugibert,Eiler,heilerbh@icio.us,Male,240.251.186.189,account_disabled
415,Willyt,Tarbox,wtarboxbi@csmonitor.com,Female,199.35.255.113,account_disabled
416,Pammie,Woolveridge,pwoolveridgebj@nbcnews.com,Female,0.67.22.66,account_disabled
417,Delmor,Pedron,dpedronbk@sphinn.com,Bigender,21.57.155.12,account_disabled
418,Anastassia,Koubek,akoubekbl@1und1.de,Female,56.148.51.91,account_created
419,Byrle,Cobbin,bcobbinbm@sciencedaily.com,Agender,224.216.195.140,account_created
420,Mart,Thiese,mthiesebn@nih.gov,Male,42.160.128.53,account_created
421,Arabele,Stamp,astampbo@cbsnews.com,Polygender,212.122.76.199,account_disabled
422,Milty,Caurah,mcaurahbp@amazon.co.uk,Male,189.154.174.132,account_disabled
423,Edeline,Baugh,ebaughbq@sciencedaily.com,Female,48.10.52.26,account_disabled
424,Martie,Lovstrom,mlovstrombr@free.fr,Female,45.218.252.136,account_disabled
425,Dodie,Westmorland,dwestmorlandbs@linkedin.com,Female,1.75.90.107,account_disabled
426,Rog,Elcocks,relcocksbt@dion.ne.jp,Male,58.67.207.226,account_created
427,Jolie,Quirk,jquirkbu@ed.gov,Female,105.212.214.175,account_disabled
428,Clarette,O'Mullally,comullallybv@globo.com,Female,98.79.44.46,account_disabled
429,Cyril,Haldon,chaldonbw@latimes.com,Male,116.193.62.182,account_created
430,Imojean,Farra,ifarrabx@uiuc.edu,Female,230.196.231.26,account_disabled
431,Tybie,Manes,tmanesby@cmu.edu,Female,183.171.189.128,account_created
432,Alli,Setter,asetterbz@github.io,Female,161.141.111.147,account_created
433,Fleurette,Whild,fwhildc0@indiatimes.com,Female,180.171.144.228,account_disabled
434,Jeremias,Goldney,jgoldneyc1@admin.ch,Male,35.10.9.175,account_disabled
435,Marline,Slany,mslanyc2@businessweek.com,Female,230.142.65.70,account_created
436,Isa,King,ikingc3@ifeng.com,Male,164.230.96.239,account_disabled
437,Lilah,Lovering,lloveringc4@apache.org,Female,225.112.24.196,account_created
438,Manolo,Cliffe,mcliffec5@ucla.edu,Male,40.129.200.172,account_disabled
439,Aylmar,Clemonts,aclemontsc6@biblegateway.com,Male,74.136.236.77,account_disabled
440,Alic,Swainston,aswainstonc7@studiopress.com,Male,57.149.154.180,account_created
441,Spike,Cayette,scayettec8@comcast.net,Non-binary,228.18.179.235,account_created
442,Aveline,Beddo,abeddoc9@icio.us,Female,81.6.217.238,account_disabled
443,Karena,Figure,kfigureca@over-blog.com,Female,111.250.167.169,account_created
444,Clark,Tuckley,ctuckleycb@shop-pro.jp,Male,174.44.178.45,account_disabled
445,Alic,Wooffitt,awooffittcc@hud.gov,Male,33.131.136.188,account_disabled
446,Lanie,Constance,lconstancecd@pagesperso-orange.fr,Male,17.53.108.216,account_disabled
447,Christos,Darycott,cdarycottce@reddit.com,Male,104.108.17.15,account_disabled
448,Jaquenette,McNair,jmcnaircf@free.fr,Female,109.187.50.192,account_disabled
449,,Oxenham,joxenhamcg@i2i.jp,Male,116.12.233.42,account_disabled
450,Mella,Rillett,mrillettch@people.com.cn,Female,37.26.194.92,account_created
451,Emmye,Mertgen,emertgenci@slideshare.net,Female,14.86.57.228,account_disabled
452,Curtis,Sallery,csallerycj@wired.com,Male,121.231.192.95,account_created
453,Antonio,Physic,aphysicck@europa.eu,Male,90.61.215.178,account_disabled
454,Ermina,Rudsdell,erudsdellcl@youtu.be,Female,154.36.105.4,account_disabled
455,Evania,Greenly,egreenlycm@photobucket.com,Female,206.95.154.183,account_created
456,Ardys,Rallinshaw,arallinshawcn@merriam-webster.com,Female,122.200.38.39,account_disabled
457,Wendall,Oman,womanco@cyberchimps.com,Male,69.148.196.217,account_created
458,Wylie,Freeberne,wfreebernecp@canalblog.com,Male,227.143.37.244,account_created
459,Serena,Kynton,skyntoncq@latimes.com,Female,252.40.250.81,account_created
460,Hilary,Lampitt,hlampittcr@aol.com,Male,179.92.8.186,account_created
461,Arlena,Flexman,aflexmancs@biglobe.ne.jp,Female,129.83.110.109,account_created
462,Jeniffer,Loftus,jloftusct@opera.com,Female,12.160.172.87,account_disabled
463,Mellie,McQuie,mmcquiecu@jiathis.com,Female,81.246.41.12,account_disabled
464,Boycey,Finnes,bfinnescv@tripadvisor.com,Male,221.126.2.73,account_disabled
465,Aeriela,Brokenshire,abrokenshirecw@indiegogo.com,Female,103.107.230.24,account_disabled
466,Karoly,Tullis,ktulliscx@ox.ac.uk,Male,194.164.229.98,account_disabled
467,Darb,Dalrymple,,Female,85.226.12.134,account_disabled
468,Karlee,Chasney,kchasneycz@webeden.co.uk,Female,34.104.206.52,account_disabled
469,Toddie,Jewess,tjewessd0@smh.com.au,Male,106.242.248.96,account_disabled
470,Myca,Gunston,mgunstond1@sphinn.com,Male,182.11.184.25,account_created
471,Lulu,Wadsworth,lwadsworthd2@wikispaces.com,Female,249.218.88.131,account_disabled
472,Bridget,Roskrug,broskrugd3@rediff.com,Female,127.233.235.245,account_created
473,Bethany,Stadden,bstaddend4@gizmodo.com,Female,135.237.122.245,account_disabled
474,Jaquith,Murra,jmurrad5@ft.com,Non-binary,50.93.183.68,account_disabled
475,Morris,Stiffell,mstiffelld6@unicef.org,Male,187.96.227.175,account_disabled
476,Abagael,Brolechan,abrolechand7@msn.com,Female,80.137.115.114,account_disabled
477,Beverley,Domniney,bdomnineyd8@wsj.com,Female,242.11.42.92,account_disabled
478,Lorraine,Lambe,llambed9@php.net,Female,114.14.128.47,account_disabled
479,Ivan,Salkild,isalkildda@blogger.com,Polygender,59.33.180.117,account_created
480,Marnie,Kondrat,mkondratdb@npr.org,Female,205.213.207.197,account_disabled
481,Walden,Maffia,wmaffiadc@surveymonkey.com,Male,171.21.160.80,account_disabled
482,Sherlock,O' Neligan,soneligandd@ucsd.edu,Male,119.178.68.231,account_disabled
483,Celestina,Duckworth,cduckworthde@shinystat.com,Female,23.138.165.108,account_created
484,Benjie,Kenwell,bkenwelldf@ted.com,Male,246.99.80.102,account_created
485,Bengt,Giannazzi,bgiannazzidg@multiply.com,Male,14.3.32.126,account_disabled
486,Georgy,Orhrt,gorhrtdh@pcworld.com,Genderqueer,194.93.25.82,account_disabled
487,Wat,Pourvoieur,wpourvoieurdi@sohu.com,Male,55.10.155.209,account_created
488,Bendicty,Mercer,,Male,74.124.128.209,account_created
489,Zaccaria,Bonnett,zbonnettdk@berkeley.edu,Male,195.200.54.14,account_disabled
490,Kathe,Lecount,klecountdl@netscape.com,Female,61.4.36.114,account_created
491,Tracie,Tayler,ttaylerdm@redcross.org,Male,20.4.237.43,account_disabled
492,Wilmar,Ranscomb,wranscombdn@wufoo.com,Male,224.163.154.240,account_disabled
493,Colan,Tetther,ctettherdo@ucoz.com,Male,63.25.44.14,account_created
494,Alvina,Jentet,ajentetdp@blinklist.com,Female,95.130.227.136,account_created
495,Timmy,Dunridge,tdunridgedq@blogspot.com,Male,220.64.212.251,account_disabled
496,Lyman,Tureville,lturevilledr@answers.com,Male,89.20.187.228,account_created
497,Denna,Tanswell,dtanswellds@nyu.edu,Female,31.177.47.157,account_disabled
498,Maryanne,Pitkin,mpitkindt@oakley.com,Female,240.195.57.131,account_disabled
499,Wake,McGeechan,wmcgeechandu@hud.gov,Male,142.176.194.114,account_created
500,Darill,Guard,dguarddv@hubpages.com,Genderfluid,236.192.254.247,account_created
501,Burr,Melley,bmelleydw@twitpic.com,Male,207.130.35.211,account_created
502,Chelsie,Inchley,cinchleydx@taobao.com,Female,164.231.112.128,account_disabled
503,Briano,Poacher,bpoacherdy@github.com,Genderfluid,54.52.122.22,account_created
504,Marty,Benedettini,mbenedettinidz@friendfeed.com,Genderqueer,90.25.206.250,account_disabled
505,,Burnyeat,sburnyeate0@dagondesign.com,Female,74.133.55.67,account_disabled
506,Natalya,Dumbreck,ndumbrecke1@noaa.gov,Female,244.45.83.223,account_disabled
507,Tadd,Janek,tjaneke2@mayoclinic.com,Male,73.195.169.159,account_created
508,Justus,Faircliff,jfaircliffe3@biblegateway.com,Non-binary,102.38.255.145,account_disabled
509,Brian,Winders,bwinderse4@theatlantic.com,Male,153.23.64.30,account_disabled
510,Melody,Scaysbrook,mscaysbrooke5@wikimedia.org,Female,97.20.253.178,account_disabled
511,Krystal,Exter,kextere6@github.io,Female,123.157.191.74,account_disabled
512,Brooke,Mandry,bmandrye7@g.co,Male,10.74.104.184,account_disabled
513,Efrem,Staden,estadene8@independent.co.uk,Male,70.50.170.30,account_disabled
514,Bethina,Cornewall,,Non-binary,135.98.53.173,account_created
515,Minne,Kettridge,mkettridgeea@ca.gov,Female,242.41.180.96,account_created
516,Saidee,Jury,sjuryeb@qq.com,Female,226.225.139.218,account_created
517,Allegra,Wilfinger,awilfingerec@disqus.com,Female,211.110.163.95,account_created
518,Koressa,Ottee,kotteeed@cmu.edu,Female,159.174.168.205,account_disabled
519,Spencer,Patullo,spatulloee@gravatar.com,Male,208.188.121.193,account_created
520,Mathe,Stanex,mstanexef@linkedin.com,Male,181.123.14.42,account_created
521,Othilia,Lapidus,olapiduseg@wiley.com,Female,253.253.150.225,account_created
522,Eugenia,Blasgen,eblasgeneh@unc.edu,Female,155.110.108.214,account_created
523,Saidee,Filippov,sfilippovei@shinystat.com,Female,101.68.139.75,account_disabled
524,Trever,Toland,ttolandej@ted.com,Male,37.130.101.147,account_created
525,Twyla,Kindell,tkindellek@nasa.gov,Female,171.154.57.185,account_created
526,Caldwell,Naisby,cnaisbyel@slashdot.org,Male,226.115.173.229,account_disabled
527,Fred,Windmill,fwindmillem@answers.com,Female,79.222.30.56,account_created
528,Avis,Bernaldo,abernaldoen@earthlink.net,Female,42.88.30.9,account_disabled
529,Stevena,Pottie,spottieeo@senate.gov,Female,91.99.148.167,account_disabled
530,Dory,Nevill,dnevillep@freewebs.com,Female,191.65.164.165,account_disabled
531,Cherey,Boardman,cboardmaneq@slate.com,Female,178.83.40.17,account_disabled
532,Tate,Suttill,tsuttiller@issuu.com,Female,50.75.50.189,account_created
533,Keven,Moncarr,kmoncarres@elegantthemes.com,Male,185.218.102.231,account_disabled
534,Sarge,Hamman,shammanet@aol.com,Genderfluid,23.10.209.21,account_created
535,Brendan,Eslemont,beslemonteu@trellian.com,Male,201.68.80.61,account_created
536,Dulci,Jahner,djahnerev@technorati.com,Female,65.207.175.168,account_created
537,Leela,Rubinovitch,lrubinovitchew@salon.com,Female,95.233.161.207,account_disabled
538,Raimund,Lewsie,rlewsieex@webeden.co.uk,Male,102.209.61.37,account_disabled
539,Laurens,Roddan,lroddaney@sohu.com,Male,35.224.111.244,account_created
540,Beale,Semiras,bsemirasez@themeforest.net,Male,22.72.90.255,account_disabled
541,Etienne,Haw,ehawf0@ed.gov,Male,10.89.185.23,account_created
542,Masha,Marden,mmardenf1@ibm.com,Female,196.223.46.75,account_disabled
543,Claudianus,Hutchason,chutchasonf2@freewebs.com,Male,224.200.245.90,account_disabled
544,Annabal,Beevors,abeevorsf3@a8.net,Female,94.223.132.61,account_disabled
545,Lisle,Whitman,lwhitmanf4@eventbrite.com,Male,13.62.93.117,account_created
546,Gan,Weeks,gweeksf5@yellowbook.com,Male,159.51.181.77,account_disabled
547,Tiebold,MacCarter,tmaccarterf6@shinystat.com,Genderqueer,140.165.159.29,account_disabled
548,Viviyan,Plom,vplomf7@washington.edu,Female,114.174.83.48,account_disabled
549,Marillin,Dincke,mdinckef8@altervista.org,Female,58.189.232.188,account_created
550,Katina,O'Hoey,kohoeyf9@unblog.fr,Female,253.112.225.61,account_disabled
551,Anne-marie,Hurtado,ahurtadofa@sciencedirect.com,Female,211.91.150.170,account_disabled
552,Philippa,Azemar,pazemarfb@miibeian.gov.cn,Female,49.8.99.94,account_disabled
553,Franciska,Gillimgham,fgillimghamfc@forbes.com,Female,67.21.122.186,account_created
554,Jilli,Whittles,jwhittlesfd@mysql.com,Genderfluid,83.217.80.77,account_created
555,Collete,Winston,cwinstonfe@who.int,Female,39.111.213.93,account_disabled
556,Cletis,Masham,cmashamff@freewebs.com,Male,139.44.67.201,account_created
557,Issiah,Castiglione,icastiglionefg@columbia.edu,Male,194.18.17.90,account_created
558,Joanie,Simonini,jsimoninifh@webmd.com,Female,62.169.3.205,account_disabled
559,Davey,Coils,dcoilsfi@about.com,Male,36.237.229.3,account_disabled
560,Rhetta,Richly,rrichlyfj@a8.net,Female,222.161.192.14,account_disabled
561,Tristam,Degan,tdeganfk@storify.com,Male,236.243.121.161,account_created
562,Marget,Band,mbandfl@ehow.com,Female,26.20.171.156,account_disabled
563,Aldis,Stains,astainsfm@indiatimes.com,Male,20.149.138.5,account_created
564,Hastings,Kydde,hkyddefn@taobao.com,Male,124.104.167.105,account_created
565,Nickolai,Northey,nnortheyfo@symantec.com,Male,206.152.84.133,account_disabled
566,Hilliard,Weddeburn,hweddeburnfp@theatlantic.com,Male,183.226.180.1,account_created
567,Isidore,Rivlin,irivlinfq@sina.com.cn,Male,114.59.69.203,account_disabled
568,,Gooding,lgoodingfr@microsoft.com,Male,229.204.154.61,account_disabled
569,Derk,Fellgett,dfellgettfs@sfgate.com,Male,202.54.73.83,account_disabled
570,Wilhelmina,Darrel,wdarrelft@samsung.com,Agender,1.199.207.54,account_created
571,Lorna,Pindar,lpindarfu@youtu.be,Female,143.19.40.77,account_created
572,Berna,Hunter,bhunterfv@mysql.com,Female,169.85.14.14,account_disabled
573,Wallace,Saldler,wsaldlerfw@cdbaby.com,Male,248.170.198.145,account_created
574,Rochelle,Bentham3,rbenthamfx@wufoo.com,Female,187.127.233.92,account_disabled
575,Allie,Harbard,aharbardfy@tripadvisor.com,Male,77.4.181.148,account_created
576,Husein,Cathee,hcatheefz@elegantthemes.com,Male,71.225.241.214,account_disabled
577,Chryste,Reboul,,Female,122.251.123.119,account_created
578,Benedetto,Kauscher,bkauscherg1@bandcamp.com,Male,198.180.220.153,account_disabled
579,Vikki,Pally,vpallyg2@list-manage.com,Female,230.27.184.10,account_created
580,Vanya,Burgyn,vburgyng3@delicious.com,Female,63.73.15.87,account_disabled
581,Renate,Kinner,rkinnerg4@msn.com,Female,29.47.125.89,account_disabled
582,Sharity,Winfindale,swinfindaleg5@ycombinator.com,Female,111.160.10.230,account_disabled
583,Wilma,Botting,wbottingg6@mlb.com,Female,189.20.252.160,account_created
584,Nancey,Yakobovicz,nyakoboviczg7@nationalgeographic.com,Female,60.246.43.145,account_disabled
585,Reider,Yesson,ryessong8@blogspot.com,Male,164.166.187.39,account_created
586,Norby,Cowup,ncowupg9@youtube.com,Male,135.134.14.150,account_created
587,Bevin,Laytham,blaythamga@youku.com,Male,238.155.121.104,account_created
588,Samara,Rockhall,srockhallgb@yellowpages.com,Female,69.124.147.153,account_created
589,Atalanta,Ironmonger,aironmongergc@nba.com,Female,112.169.56.188,account_created
590,Dorothy,Betz,dbetzgd@myspace.com,Female,225.234.190.37,account_created
591,Samson,Gouthier,sgouthierge@amazon.de,Male,79.101.42.108,account_disabled
592,Waverley,Boocock,wboocockgf@aol.com,Genderqueer,135.74.97.229,account_disabled
593,Janka,Isworth,jisworthgg@dagondesign.com,Female,115.85.148.124,account_created
594,Boyd,Youtead,byouteadgh@godaddy.com,Male,211.139.240.18,account_created
595,Hanson,Dadge,hdadgegi@xing.com,Male,227.7.71.240,account_created
596,Valentia,Mingaud,vmingaudgj@bluehost.com,Genderqueer,108.193.212.195,account_disabled
597,Theodore,Biagi,tbiagigk@cpanel.net,Male,29.227.192.53,account_created
598,Jenn,Champe,jchampegl@stumbleupon.com,Female,8.189.175.103,account_disabled
599,Ellswerth,Rumens,erumensgm@bandcamp.com,Male,19.98.212.255,account_disabled
600,Jack,Trussell,jtrussellgn@ucsd.edu,Agender,121.61.59.138,account_created
601,Stefan,Strood,sstroodgo@mayoclinic.com,Male,15.224.223.211,account_disabled
602,Sherline,Plante,splantegp@cbc.ca,Female,177.235.245.50,account_disabled
603,Etty,Flag,eflaggq@craigslist.org,Female,144.135.240.35,account_created
604,Aluino,Alders,aaldersgr@aboutads.info,Male,240.211.207.210,account_created
605,Jeth,Sanches,jsanchesgs@ucla.edu,Male,217.78.122.152,account_created
606,Niki,Tansley,ntansleygt@yelp.com,Male,190.252.75.35,account_disabled
607,Dayle,Heater,dheatergu@ft.com,Non-binary,55.48.12.230,account_created
608,Charyl,Kiddy,ckiddygv@pagesperso-orange.fr,Genderqueer,123.142.18.245,account_disabled
609,Adamo,Gruszczak,agruszczakgw@mac.com,Male,161.176.26.71,account_disabled
610,Erv,Discombe,ediscombegx@storify.com,Male,52.169.137.174,account_created
611,Darn,Deeney,ddeeneygy@meetup.com,Male,211.216.173.166,account_disabled
612,Marillin,Woehler,mwoehlergz@about.com,Female,162.229.56.94,account_created
613,Susanetta,Mapletoft,smapletofth0@nature.com,Female,43.117.183.82,account_created
614,Jada,Giabuzzi,jgiabuzzih1@sogou.com,Female,133.73.24.90,account_created
615,Irv,Walworche,iwalworcheh2@tinyurl.com,Male,5.21.20.96,account_disabled
616,Obidiah,Frift,ofrifth3@stumbleupon.com,Male,129.181.158.181,account_disabled
617,Angil,Luckes,aluckesh4@chron.com,Female,82.34.81.124,account_disabled
618,Cass,Milliken,cmillikenh5@dion.ne.jp,Male,216.158.22.216,account_disabled
619,Donielle,Broadberry,dbroadberryh6@engadget.com,Female,118.240.255.25,account_disabled
620,Giusto,Minocchi,gminocchih7@cbc.ca,Male,211.197.89.248,account_disabled
621,Slade,Kumar,skumarh8@studiopress.com,Male,112.243.198.140,account_created
622,Tiertza,Simonetti,tsimonettih9@usda.gov,Female,5.206.229.207,account_disabled
623,Kienan,Scurr,kscurrha@patch.com,Male,228.142.125.101,account_disabled
624,Lanna,Sambedge,lsambedgehb@google.cn,Genderqueer,162.234.143.98,account_created
625,Hobie,Satterthwaite,hsatterthwaitehc@ucsd.edu,Male,143.18.177.82,account_disabled
626,Giffard,Beinke,gbeinkehd@imdb.com,Male,204.156.201.157,account_disabled
627,Billy,Isgate,bisgatehe@bloglovin.com,Male,79.238.204.114,account_disabled
628,,Blankley,dblankleyhf@geocities.jp,Female,34.51.122.211,account_disabled
629,Addia,Morsey,,Female,59.65.111.86,account_created
630,Angeli,Daelman,adaelmanhh@altervista.org,Male,77.106.26.112,account_created
631,Francoise,Edmons,fedmonshi@noaa.gov,Female,115.37.146.154,account_created
632,Elmore,Onraet,eonraethj@reddit.com,Male,82.15.22.35,account_created
633,Carmencita,Serraillier,cserraillierhk@tuttocitta.it,Female,193.70.101.58,account_created
634,Ammamaria,Braisher,abraisherhl@mac.com,Female,58.32.223.240,account_disabled
635,Tann,Vial,tvialhm@auda.org.au,Male,189.19.216.211,account_created
636,Melisse,Greson,mgresonhn@berkeley.edu,Non-binary,18.50.241.174,account_created
637,Tudor,Bowes,tbowesho@mapy.cz,Male,233.112.220.133,account_created
638,Lindy,Galpin,lgalpinhp@sitemeter.com,Male,217.127.93.122,account_disabled
639,Bald,Throssell,bthrossellhq@dagondesign.com,Male,23.196.106.254,account_created
640,Nalani,Senechault,nsenechaulthr@europa.eu,Female,255.244.28.190,account_created
641,Thomasa,MacGill,tmacgillhs@narod.ru,Female,140.99.36.218,account_created
642,Korey,Fassbindler,kfassbindlerht@hc360.com,Male,80.24.254.67,account_created
643,Sophi,Scarborough,sscarboroughhu@flavors.me,Female,37.47.86.65,account_disabled
644,Ninetta,Erington,neringtonhv@booking.com,Female,18.60.94.244,account_disabled
645,Matti,Strugnell,mstrugnellhw@wikispaces.com,Female,12.127.78.98,account_disabled
646,Urban,Squier,usquierhx@weibo.com,Male,184.186.196.236,account_disabled
647,Edmon,Traut,etrauthy@chron.com,Male,236.9.32.129,account_disabled
648,Verna,Ratke,vratkehz@ycombinator.com,Female,149.145.3.15,account_created
649,Darcy,Chitter,dchitteri0@istockphoto.com,Female,83.249.220.155,account_disabled
650,Hakeem,Joul,hjouli1@uol.com.br,Male,28.11.161.228,account_disabled
651,Angelina,Nanni,anannii2@furl.net,Female,115.24.223.195,account_created
652,Dorie,Jozwicki,djozwickii3@auda.org.au,Male,99.139.102.28,account_created
653,Carola,Larrat,clarrati4@narod.ru,Polygender,48.187.18.235,account_created
654,Alfredo,Chieze,achiezei5@icq.com,Male,139.184.21.248,account_created
655,Federica,Rump,frumpi6@cdbaby.com,Female,143.253.248.90,account_disabled
656,Lorraine,Hardiker,lhardikeri7@msu.edu,Female,3.197.208.230,account_created
657,Hewet,Skentelbery,hskentelberyi8@technorati.com,Male,229.140.101.179,account_disabled
658,Kiley,Heephy,kheephyi9@vinaora.com,Male,189.216.97.139,account_disabled
659,Clo,Clouter,cclouteria@diigo.com,Female,173.160.218.96,account_created
660,Nadiya,O'Doherty,nodohertyib@unesco.org,Female,50.123.115.153,account_created
661,Carmina,Milius,cmiliusic@house.gov,Female,146.72.137.211,account_disabled
662,Caddric,Lait,claitid@senate.gov,Male,242.134.161.106,account_created
663,Gizela,Meade,gmeadeie@amazonaws.com,Female,162.207.23.196,account_disabled
664,Sam,Gothrup,sgothrupif@vk.com,Agender,134.3.212.21,account_created
665,Kessia,Cridlan,kcridlanig@miibeian.gov.cn,Female,157.78.109.33,account_disabled
666,Norris,Brixey,nbrixeyih@google.es,Male,137.202.112.3,account_created
667,Marsh,Seleway,mselewayii@goodreads.com,Male,101.174.18.124,account_created
668,Sigismund,Goublier,sgoublierij@goo.gl,Male,52.94.124.186,account_disabled
669,Ora,Storrar,ostorrarik@sphinn.com,Female,198.245.84.241,account_created
670,Petronia,Permain,ppermainil@odnoklassniki.ru,Bigender,204.127.132.182,account_created
671,Gladi,Fielder,gfielderim@myspace.com,Female,201.136.24.121,account_disabled
672,Inesita,Kantor,ikantorin@reddit.com,Female,131.174.52.149,account_disabled
673,Nadiya,Trembath,ntrembathio@zimbio.com,Female,211.69.165.185,account_disabled
674,Raven,Ferrillo,rferrilloip@sina.com.cn,Female,32.149.74.114,account_created
675,Chloe,Raisher,craisheriq@pinterest.com,Female,57.99.247.10,account_created
676,Elvina,Doubleday,edoubledayir@csmonitor.com,Polygender,106.255.111.11,account_disabled
677,Meaghan,McGuiness,mmcguinessis@europa.eu,Female,41.78.235.171,account_disabled
678,Cathleen,Thurlbeck,cthurlbeckit@indiegogo.com,Female,222.125.144.112,account_created
679,Kali,Osboldstone,kosboldstoneiu@imageshack.us,Non-binary,169.249.104.231,account_disabled
680,Flint,Ecles,feclesiv@flavors.me,Male,70.92.88.121,account_created
681,Auberon,Malenfant,amalenfantiw@miibeian.gov.cn,Male,132.196.236.200,account_created
682,Hilton,Brabyn,hbrabynix@lycos.com,Polygender,117.148.251.52,account_disabled
683,Dillon,Rodriguez,drodrigueziy@patch.com,Male,59.35.105.238,account_disabled
684,Chevalier,Askwith,caskwithiz@netscape.com,Male,27.159.88.134,account_disabled
685,Fionnula,Reskelly,freskellyj0@1und1.de,Female,66.206.93.13,account_disabled
686,Cher,Rigden,crigdenj1@hao123.com,Female,193.207.161.204,account_created
687,Aldo,Eckart,aeckartj2@sourceforge.net,Male,99.50.242.147,account_created
688,Hayward,Hustings,hhustingsj3@wordpress.com,Male,230.115.184.207,account_created
689,Padget,Brazear,pbrazearj4@booking.com,Male,234.21.50.60,account_created
690,Shurwood,Fodden,sfoddenj5@privacy.gov.au,Male,10.31.123.246,account_created
691,Anica,Matushenko,amatushenkoj6@mapy.cz,Female,116.57.36.250,account_disabled
692,Cristin,Churchyard,cchurchyardj7@bbc.co.uk,Female,50.75.45.171,account_disabled
693,Carlyle,Gainsburgh,cgainsburghj8@sun.com,Male,182.44.150.136,account_created
694,Rutledge,Cawt,rcawtj9@merriam-webster.com,Male,80.160.147.80,account_created
695,Flin,Burgne,fburgneja@reference.com,Male,218.61.85.250,account_created
696,Dorothee,Summerson,dsummersonjb@stumbleupon.com,Female,55.105.117.59,account_disabled
697,Kain,Varah,kvarahjc@buzzfeed.com,Male,8.125.72.176,account_created
698,Cassius,Goodlake,cgoodlakejd@dion.ne.jp,Male,23.222.149.144,account_disabled
699,Pryce,Roberts,probertsje@bravesites.com,Male,46.222.158.0,account_created
700,Nathanial,Marcombe,nmarcombejf@nsw.gov.au,Male,238.122.13.33,account_created
701,Jenica,Tinker,jtinkerjg@csmonitor.com,Female,210.179.66.86,account_disabled
702,Glenn,Jerzycowski,gjerzycowskijh@opera.com,Female,36.67.99.229,account_disabled
703,Link,Gruszecki,lgruszeckiji@tumblr.com,Male,77.70.245.122,account_disabled
704,Mata,Trewhitt,mtrewhittjj@nba.com,Male,175.245.90.32,account_disabled
705,Sindee,Flode,sflodejk@harvard.edu,Female,87.209.140.245,account_created
706,Idalina,Goodram,igoodramjl@pen.io,Female,40.207.64.150,account_disabled
707,Leeanne,Brockherst,lbrockherstjm@bandcamp.com,Female,145.92.215.135,account_created
708,Lorita,Lebbern,llebbernjn@baidu.com,Female,222.135.187.79,account_disabled
709,Sander,Redier,sredierjo@feedburner.com,Male,252.0.239.183,account_created
710,Goldie,Maddie,gmaddiejp@arstechnica.com,Female,165.46.159.248,account_disabled
711,Ada,Balbeck,abalbeckjq@addthis.com,Female,232.74.199.68,account_disabled
712,,Avramovic,ravramovicjr@paypal.com,Female,234.250.81.39,account_created
713,Karissa,Bowton,kbowtonjs@t.co,Female,63.205.212.13,account_disabled
714,Irene,Acaster,iacasterjt@aboutads.info,Female,160.232.253.120,account_disabled
715,Quintin,Reach,qreachju@cargocollective.com,Male,225.110.43.169,account_disabled
716,Abran,Staterfield,astaterfieldjv@ezinearticles.com,Male,118.234.91.99,account_disabled
717,Lori,Tressler,ltresslerjw@huffingtonpost.com,Female,128.157.200.113,account_disabled
718,Dynah,Byne,dbynejx@uiuc.edu,Female,216.152.236.160,account_disabled
719,Sherwin,Cashen,scashenjy@soundcloud.com,Male,40.39.29.211,account_created
720,Ede,Struthers,estruthersjz@arizona.edu,Female,78.108.46.143,account_created
721,Corbett,Papen,cpapenk0@livejournal.com,Male,67.131.107.72,account_created
722,Shalne,Pimblotte,spimblottek1@barnesandnoble.com,Female,222.39.37.17,account_created
723,Garland,Idill,,Genderfluid,80.33.148.200,account_created
724,Melba,Svanetti,msvanettik3@odnoklassniki.ru,Female,231.112.72.236,account_disabled
725,Sven,Vise,svisek4@vk.com,Male,202.219.157.202,account_disabled
726,Izzy,Glasby,iglasbyk5@pcworld.com,Male,87.166.253.89,account_created
727,Hymie,Chang,hchangk6@goo.gl,Male,11.140.214.57,account_disabled
728,Binnie,Divis,bdivisk7@stumbleupon.com,Female,240.56.92.102,account_disabled
729,Johan,Ludmann,jludmannk8@51.la,Male,70.237.76.249,account_disabled
730,Sumner,Naish,snaishk9@friendfeed.com,Male,24.200.199.108,account_disabled
731,Sonnie,Neave,sneaveka@prnewswire.com,Male,184.19.17.180,account_created
732,Fiona,Chicotti,fchicottikb@baidu.com,Female,91.48.97.86,account_disabled
733,Arleyne,Paggitt,apaggittkc@artisteer.com,Female,52.245.8.71,account_created
734,Marquita,Bullocke,mbullockekd@phpbb.com,Female,207.7.230.103,account_created
735,Val,Ales,valeske@miitbeian.gov.cn,Male,152.212.154.73,account_created
736,Luce,Hendrichs,lhendrichskf@unblog.fr,Female,56.67.75.196,account_created
737,Cesar,Rallinshaw,crallinshawkg@hugedomains.com,Male,4.127.246.166,account_disabled
738,Arin,Kurten,akurtenkh@gnu.org,Male,195.183.7.63,account_created
739,Jeniece,Bentham,jbenthamki@oaic.gov.au,Female,198.93.73.119,account_created
740,Yehudi,Attiwill,yattiwillkj@tripod.com,Male,121.218.210.159,account_created
741,Spencer,Bicknell,,Male,47.147.46.132,account_created
742,Ingamar,Smallpeice,ismallpeicekl@free.fr,Male,36.96.60.108,account_disabled
743,Vonny,Myhan,vmyhankm@qq.com,Female,38.15.81.119,account_created
744,Raimondo,Kitcat,rkitcatkn@state.gov,Male,70.78.34.201,account_created
745,Otto,Derwin,oderwinko@bbc.co.uk,Male,48.154.83.160,account_disabled
746,Jesse,Tewelson,jtewelsonkp@vistaprint.com,Male,94.183.157.249,account_disabled
747,Ferrell,Nevett,fnevettkq@icq.com,Polygender,27.139.137.32,account_created
748,Page,Brandsen,pbrandsenkr@youtu.be,Female,51.47.31.6,account_created
749,Mollie,Bulfoot,mbulfootks@simplemachines.org,Female,248.213.158.81,account_disabled
750,Herman,Stoppard,hstoppardkt@ask.com,Male,154.251.82.179,account_disabled
751,Shayla,Giacomi,sgiacomiku@ucla.edu,Female,54.75.223.8,account_created
752,Cleveland,Bakhrushkin,cbakhrushkinkv@tiny.cc,Male,58.184.139.192,account_created
753,Octavia,Caizley,ocaizleykw@bloglovin.com,Female,155.169.113.232,account_created
754,Aigneis,McIlhagga,amcilhaggakx@youtube.com,Female,88.138.155.14,account_disabled
755,Emmalynne,Pennoni,epennoniky@bloglovin.com,Female,37.97.181.85,account_created
756,Genia,Eliet,gelietkz@lycos.com,Female,36.106.115.241,account_disabled
757,Gerry,Balassi,gbalassil0@mit.edu,Female,248.147.214.74,account_created
758,Monika,Wimlett,mwimlettl1@prnewswire.com,Female,21.42.164.79,account_created
759,Ollie,McLinden,omclindenl2@hugedomains.com,Male,139.7.48.35,account_created
760,Bradford,Markie,bmarkiel3@virginia.edu,Male,110.136.160.202,account_created
761,Tommie,Gladstone,tgladstonel4@flavors.me,Female,23.1.153.19,account_disabled
762,Marielle,Gilpin,mgilpinl5@msn.com,Female,58.41.22.94,account_disabled
763,Deck,Coverlyn,dcoverlynl6@nih.gov,Male,135.212.217.40,account_created
764,,Nary,tnaryl7@domainmarket.com,Female,246.129.114.225,account_disabled
765,Sigrid,Cassin,scassinl8@ustream.tv,Female,199.246.128.176,account_disabled
766,Darice,Goodbourn,dgoodbournl9@java.com,Female,94.177.36.219,account_created
767,Jeanne,Iltchev,jiltchevla@phoca.cz,Female,186.219.151.202,account_created
768,Abe,Natt,anattlb@admin.ch,Male,251.79.89.30,account_created
769,Ingram,Whieldon,iwhieldonlc@gnu.org,Male,65.18.239.34,account_created
770,Gerianna,Toffolini,gtoffolinild@shinystat.com,Female,151.123.231.160,account_created
771,Rori,McKeown,rmckeownle@va.gov,Female,216.96.173.125,account_created
772,Tamqrah,Anthoney,,Agender,28.145.127.169,account_disabled
773,Charlie,Carrington,ccarringtonlg@technorati.com,Male,30.48.90.207,account_created
774,Rois,Ollie,rollielh@economist.com,Female,20.220.6.100,account_created
775,Simmonds,Piperley,spiperleyli@surveymonkey.com,Male,242.1.124.47,account_disabled
776,Emeline,Bessell,ebesselllj@geocities.jp,Female,81.86.148.30,account_created
777,Leonanie,Pittwood,lpittwoodlk@sciencedaily.com,Genderfluid,135.212.210.223,account_disabled
778,Clo,Duffill,cduffillll@goo.ne.jp,Female,129.145.236.228,account_created
779,Ringo,Jeavon,rjeavonlm@reuters.com,Male,70.0.55.5,account_created
780,Iver,Matfin,imatfinln@hubpages.com,Bigender,159.226.112.215,account_created
781,Pren,Kix,pkixlo@rambler.ru,Male,116.199.185.89,account_disabled
782,Yard,Curnucke,ycurnuckelp@devhub.com,Male,203.31.55.223,account_created
783,Lark,Kliche,lklichelq@oaic.gov.au,Female,87.206.61.145,account_created
784,Leona,Woodyear,lwoodyearlr@mit.edu,Female,153.74.149.150,account_created
785,Josselyn,Weatherburn,jweatherburnls@networksolutions.com,Female,77.170.135.204,account_created
786,Philis,De Bernardis,pdebernardislt@rediff.com,Female,81.114.45.105,account_created
787,Georgine,Fahey,gfaheylu@toplist.cz,Female,15.75.111.238,account_created
788,Jean,Gorhardt,jgorhardtlv@reddit.com,Female,82.231.227.213,account_created
789,Karlotte,Klimes,kklimeslw@odnoklassniki.ru,Genderfluid,14.143.243.241,account_disabled
790,Dierdre,McEvoy,dmcevoylx@google.co.uk,Female,126.67.91.153,account_disabled
791,Aida,Simmens,asimmensly@liveinternet.ru,Female,89.172.229.228,account_created
792,Pierson,Darmody,pdarmodylz@studiopress.com,Male,7.212.187.55,account_created
793,Wilhelmine,Feldmann,wfeldmannm0@vistaprint.com,Female,230.144.227.199,account_created
794,Junina,Maryan,jmaryanm1@google.pl,Female,148.115.52.41,account_disabled
795,Dorrie,De Michele,ddemichelem2@canalblog.com,Female,89.127.177.223,account_disabled
796,Oriana,Lent,olentm3@ebay.co.uk,Female,20.223.226.100,account_disabled
797,Kev,Le Noire,klenoirem4@usa.gov,Male,30.21.73.134,account_created
798,Ronna,Tschierasche,rtschieraschem5@is.gd,Genderqueer,159.215.6.116,account_disabled
799,Benedicto,Dibdall,bdibdallm6@cbslocal.com,Male,214.214.240.157,account_created
800,Ermina,Birchenhead,ebirchenheadm7@simplemachines.org,Female,77.224.199.68,account_disabled
801,Patrick,Escreet,pescreetm8@purevolume.com,Male,139.31.227.99,account_disabled
802,Antin,Keirle,akeirlem9@narod.ru,Male,237.201.33.146,account_disabled
803,Natal,Pillington,npillingtonma@unblog.fr,Agender,242.129.35.71,account_disabled
804,Isa,Dublin,idublinmb@rediff.com,Male,48.191.218.8,account_created
805,Maribeth,Raincin,mraincinmc@spiegel.de,Female,88.53.249.218,account_disabled
806,Randie,Spikeings,rspikeingsmd@canalblog.com,Non-binary,129.29.242.177,account_created
807,Bret,Garnsworth,bgarnsworthme@plala.or.jp,Male,136.130.181.41,account_disabled
808,Adler,Neligan,aneliganmf@lycos.com,Male,52.188.29.217,account_disabled
809,Yorgos,Rathmell,yrathmellmg@github.com,Male,152.0.208.37,account_disabled
810,Ethe,Ingliby,einglibymh@howstuffworks.com,Male,29.198.202.5,account_disabled
811,Theodor,Chimes,tchimesmi@eepurl.com,Male,227.201.92.32,account_created
812,Midge,Van den Velden,mvandenveldenmj@myspace.com,Female,190.84.168.246,account_created
813,Camala,Bullivent,cbulliventmk@shop-pro.jp,Female,54.234.221.29,account_disabled
814,Lynsey,Putman,lputmanml@sohu.com,Female,75.148.247.126,account_disabled
815,Zedekiah,Lattos,zlattosmm@slashdot.org,Male,253.169.226.63,account_disabled
816,Rahal,Giuroni,rgiuronimn@google.it,Female,223.242.147.50,account_created
817,Kiele,Fowlds,kfowldsmo@upenn.edu,Female,3.215.44.194,account_created
818,Alessandra,Bassilashvili,,Female,251.205.76.57,account_disabled
819,Aluin,Pentland,apentlandmq@arizona.edu,Male,241.7.79.224,account_disabled
820,Basia,Nice,bnicemr@loc.gov,Female,43.154.197.227,account_created
821,Margalo,Marqyes,mmarqyesms@bravesites.com,Female,207.16.17.131,account_disabled
822,Mireille,Sowthcote,msowthcotemt@google.com.hk,Female,241.114.76.25,account_disabled
823,Hilda,Noon,hnoonmu@alibaba.com,Female,139.95.215.172,account_disabled
824,Felic,Rings,fringsmv@desdev.cn,Male,26.91.45.68,account_disabled
825,Seana,Ardy,sardymw@amazon.co.uk,Female,81.33.91.222,account_disabled
826,Denise,Treasaden,dtreasadenmx@cocolog-nifty.com,Female,15.12.202.153,account_created
827,Sharia,MacLure,smacluremy@edublogs.org,Female,80.17.9.2,account_created
828,Shea,Barnaby,sbarnabymz@wsj.com,Male,4.27.74.22,account_disabled
829,Fletch,Minifie,fminifien0@chron.com,Male,227.156.216.205,account_created
830,Kimball,Codlin,kcodlinn1@technorati.com,Male,240.220.92.247,account_disabled
831,Tanner,Portman,tportmann2@usnews.com,Male,13.66.68.177,account_disabled
832,Monica,Barkworth,mbarkworthn3@qq.com,Female,11.71.184.10,account_created
833,Rochella,Dubbin,rdubbinn4@liveinternet.ru,Female,253.56.162.15,account_disabled
834,Deny,Thoumas,dthoumasn5@ucoz.ru,Female,110.210.24.40,account_created
835,Clem,Hamper,champern6@reference.com,Male,214.8.0.119,account_created
836,Martha,Giovanni,mgiovannin7@amazon.com,Female,215.130.46.80,account_created
837,Kelbee,Minchella,kminchellan8@archive.org,Male,55.220.153.21,account_created
838,Hana,Henker,hhenkern9@posterous.com,Female,147.75.144.240,account_created
839,Alfi,Wood,awoodna@surveymonkey.com,Female,59.143.41.173,account_created
840,Sumner,MacClancey,smacclanceynb@alexa.com,Genderfluid,51.64.245.203,account_created
841,Cissy,Noen,cnoennc@mozilla.org,Female,201.2.206.245,account_disabled
842,Loralie,Brownsmith,lbrownsmithnd@ihg.com,Female,254.49.63.190,account_created
843,Ginevra,Kyston,gkystonne@illinois.edu,Female,71.111.189.64,account_created
844,Ward,Beckitt,wbeckittnf@state.tx.us,Male,165.92.11.254,account_created
845,Consalve,Plenty,cplentyng@washington.edu,Male,21.7.254.114,account_disabled
846,Sal,Perett,sperettnh@webnode.com,Male,89.35.217.201,account_created
847,Jordan,Crawford,jcrawfordni@youtube.com,Female,131.131.107.251,account_created
848,Shaylah,Brabant,sbrabantnj@furl.net,Female,250.217.98.222,account_disabled
849,Itch,Dragge,idraggenk@stumbleupon.com,Male,77.180.121.237,account_disabled
850,Nolly,Cardon,ncardonnl@nhs.uk,Male,156.187.127.172,account_disabled
851,Hayley,Gorham,hgorhamnm@cocolog-nifty.com,Female,45.135.82.164,account_disabled
852,Elisabetta,Smithend,esmithendnn@cbslocal.com,Female,123.4.97.137,account_disabled
853,Helaina,Burney,hburneyno@alexa.com,Female,0.253.157.230,account_disabled
854,Brendis,Chesworth,bchesworthnp@webnode.com,Male,26.216.54.250,account_created
855,Bordie,Rich,brichnq@samsung.com,Male,102.191.98.38,account_created
856,Tana,Jost,tjostnr@google.de,Female,126.108.201.9,account_created
857,Ozzy,Warbey,owarbeyns@tuttocitta.it,Male,134.35.127.152,account_disabled
858,Ly,Chatfield,lchatfieldnt@usnews.com,Male,220.251.11.25,account_disabled
859,Carie,Fearnside,cfearnsidenu@w3.org,Bigender,204.23.232.201,account_created
860,Derwin,Pavier,dpaviernv@usda.gov,Male,147.187.86.100,account_created
861,Nate,McShee,nmcsheenw@ftc.gov,Male,182.59.254.242,account_created
862,Flossy,Rives,frivesnx@si.edu,Female,140.113.123.118,account_created
863,Darn,Branchet,dbranchetny@marriott.com,Male,188.58.186.95,account_created
864,Susie,Gerard,sgerardnz@salon.com,Female,68.157.244.158,account_created
865,Holly-anne,Gaylord,,Female,6.99.236.158,account_disabled
866,Riley,Stappard,rstappardo1@vkontakte.ru,Male,78.93.156.34,account_created
867,Brockie,Wildt,bwildto2@fda.gov,Male,102.180.47.248,account_created
868,Egan,MacRury,emacruryo3@blinklist.com,Male,160.23.78.188,account_disabled
869,Brady,Fruser,bfrusero4@nationalgeographic.com,Male,92.108.159.138,account_disabled
870,Leonie,Gaskoin,lgaskoino5@artisteer.com,Female,130.25.31.144,account_created
871,Julee,Hurdedge,jhurdedgeo6@ocn.ne.jp,Female,58.129.177.186,account_created
872,Muire,ducarme,mducarmeo7@pen.io,Female,137.248.36.124,account_created
873,Elvera,Carbine,ecarbineo8@java.com,Female,157.129.5.61,account_created
874,Kelsi,Baldazzi,kbaldazzio9@sciencedirect.com,Female,2.110.89.55,account_disabled
875,Skye,Winterflood,swinterfloodoa@icio.us,Male,100.200.8.124,account_created
876,Cammy,Thackeray,cthackerayob@ihg.com,Male,68.4.134.102,account_created
877,Addie,Payn,apaynoc@symantec.com,Male,83.44.54.151,account_created
878,Eliza,Cicculi,ecicculiod@state.tx.us,Female,249.237.223.89,account_created
879,Abigale,Hubbuck,ahubbuckoe@webeden.co.uk,Female,107.4.80.251,account_disabled
880,Halimeda,Brunini,hbruniniof@google.com.au,Female,118.184.10.214,account_disabled
881,Shaylyn,Prene,spreneog@pagesperso-orange.fr,Female,213.110.127.117,account_created
882,Conrade,Gladyer,cgladyeroh@bandcamp.com,Male,38.195.211.169,account_disabled
883,Catie,Yude,cyudeoi@dailymotion.com,Female,218.98.232.43,account_disabled
884,Tiffany,Woolaston,twoolastonoj@artisteer.com,Female,184.107.173.185,account_disabled
885,Jewel,Jachimiak,jjachimiakok@psu.edu,Female,212.49.209.254,account_disabled
886,Adora,Morrall,amorrallol@prnewswire.com,Female,63.11.158.229,account_disabled
887,,Bolstridge,mbolstridgeom@ycombinator.com,Non-binary,188.169.8.230,account_created
888,Queenie,Lammiman,qlammimanon@friendfeed.com,Female,243.161.23.117,account_disabled
889,Abbi,Overpool,aoverpooloo@examiner.com,Female,219.217.202.228,account_disabled
890,Loralyn,Matley,lmatleyop@sun.com,Female,98.66.206.234,account_disabled
891,Leonardo,Hobbert,lhobbertoq@cornell.edu,Genderqueer,154.247.59.134,account_disabled
892,Consuelo,Attwater,cattwateror@vinaora.com,Female,34.42.115.16,account_created
893,Hillie,Nehlsen,hnehlsenos@weebly.com,Male,88.99.251.132,account_created
894,Gayle,Hamshere,ghamshereot@google.nl,Female,107.87.195.224,account_disabled
895,Justis,Smalls,jsmallsou@issuu.com,Male,237.102.196.91,account_created
896,Tandy,Kleeborn,tkleebornov@blogspot.com,Female,66.51.12.116,account_disabled
897,Nicholle,Astbury,nastburyow@jugem.jp,Female,7.144.235.137,account_disabled
898,Gabby,Swindley,gswindleyox@zdnet.com,Polygender,121.47.88.164,account_created
899,Suzanna,Foss,sfossoy@reverbnation.com,Polygender,134.227.221.177,account_created
900,Ede,Godwyn,egodwynoz@tinyurl.com,Female,206.25.52.108,account_disabled
901,Shep,Taunton,stauntonp0@zimbio.com,Male,144.21.231.164,account_disabled
902,Jerrie,Calver,jcalverp1@mlb.com,Female,128.106.193.127,account_disabled
903,Rickert,Rappa,rrappap2@disqus.com,Male,232.219.209.17,account_created
904,Abagael,Lautie,alautiep3@usa.gov,Female,43.68.65.92,account_created
905,Dinny,Beagley,dbeagleyp4@amazon.co.jp,Female,33.124.197.65,account_disabled
906,Coop,Dunlap,cdunlapp5@yolasite.com,Male,118.121.25.176,account_disabled
907,Briana,Gillian,bgillianp6@hugedomains.com,Female,19.164.115.195,account_created
908,Cyndi,Wanka,cwankap7@miitbeian.gov.cn,Female,94.223.134.161,account_disabled
909,Kali,Sperring,ksperringp8@toplist.cz,Female,164.39.222.4,account_created
910,Reilly,Redwin,rredwinp9@reverbnation.com,Male,185.204.248.69,account_disabled
911,Rayner,Carillo,rcarillopa@cafepress.com,Male,130.80.115.195,account_created
912,Cesaro,Simonutti,csimonuttipb@typepad.com,Male,71.102.19.63,account_created
913,Viv,Kilduff,vkilduffpc@theguardian.com,Female,213.10.43.243,account_created
914,Ogdan,Lilliman,olillimanpd@mail.ru,Male,205.21.170.12,account_created
915,Daryl,Monk,dmonkpe@netscape.com,Non-binary,255.139.137.110,account_disabled
916,Quintus,Antonutti,qantonuttipf@stumbleupon.com,Male,149.186.152.131,account_disabled
917,Alwyn,Crebbin,acrebbinpg@trellian.com,Male,237.8.59.75,account_disabled
918,Fannie,Blinde,fblindeph@hp.com,Female,133.121.245.113,account_disabled
919,Trip,Wederell,twederellpi@slideshare.net,Male,97.232.156.8,account_disabled
920,Loree,Gatland,lgatlandpj@mapy.cz,Female,44.173.45.59,account_disabled
921,Calley,Ohrt,cohrtpk@stanford.edu,Genderqueer,252.199.199.150,account_disabled
922,Fredra,Convery,fconverypl@noaa.gov,Female,36.202.172.62,account_created
923,Ulrich,Botwood,ubotwoodpm@qq.com,Male,162.213.53.238,account_created
924,Ludwig,St. Hill,lsthillpn@networksolutions.com,Male,112.107.58.123,account_disabled
925,Mathilde,Hedgeley,mhedgeleypo@irs.gov,Female,32.64.17.245,account_created
926,Vanya,Wagon,vwagonpp@liveinternet.ru,Female,69.178.101.39,account_disabled
927,Guilbert,Siddle,gsiddlepq@cargocollective.com,Male,114.13.219.186,account_disabled
928,Sue,Thatcher,sthatcherpr@hubpages.com,Female,59.143.175.1,account_disabled
929,Scarface,Garbar,sgarbarps@canalblog.com,Male,165.59.5.27,account_created
930,Salaidh,Oxe,soxept@wikispaces.com,Female,122.114.125.3,account_created
931,Thomasin,Sotheby,,Female,73.166.195.110,account_created
932,Maggy,Stiven,mstivenpv@slideshare.net,Female,214.170.55.15,account_disabled
933,Karla,Eddolls,keddollspw@booking.com,Female,231.43.91.69,account_created
934,Elise,Wimbush,ewimbushpx@posterous.com,Female,74.148.30.249,account_created
935,Tad,Dunniom,tdunniompy@house.gov,Male,78.208.186.115,account_created
936,Shaine,Mogey,smogeypz@illinois.edu,Male,139.28.177.164,account_disabled
937,Web,Seymour,wseymourq0@sun.com,Male,200.164.243.150,account_created
938,Keenan,Noury,knouryq1@google.nl,Male,100.72.166.181,account_disabled
939,Mick,Thor,mthorq2@xing.com,Male,145.93.181.115,account_created
940,Artie,Prydie,aprydieq3@cpanel.net,Male,82.33.28.25,account_created
941,Barnett,Tipler,btiplerq4@dagondesign.com,Male,190.24.237.4,account_created
942,Winston,Loveredge,wloveredgeq5@mysql.com,Male,15.63.147.49,account_disabled
943,Hailee,Gever,hgeverq6@feedburner.com,Female,223.72.162.194,account_created
944,Krisha,Ainley,kainleyq7@marriott.com,Male,43.223.22.82,account_created
945,Westbrook,Strutt,wstruttq8@businessweek.com,Male,212.58.189.97,account_created
946,Pepita,Virr,pvirrq9@amazon.co.uk,Bigender,157.78.35.184,account_disabled
947,Norry,Gilfoyle,ngilfoyleqa@zdnet.com,Female,63.164.14.84,account_disabled
948,Aloysius,Fulbrook,afulbrookqb@discovery.com,Male,210.144.200.120,account_created
949,Wallache,Mingotti,wmingottiqc@ucoz.ru,Male,21.81.76.200,account_created
950,Leoine,Herley,lherleyqd@microsoft.com,Female,29.43.86.201,account_disabled
951,Felisha,Hillum,fhillumqe@wikia.com,Female,244.151.192.111,account_created
952,Carling,Sebley,csebleyqf@tmall.com,Male,15.223.134.238,account_created
953,Rona,Mottram,rmottramqg@digg.com,Female,27.181.11.35,account_created
954,Silvan,Ringsell,sringsellqh@netlog.com,Male,55.104.52.80,account_disabled
955,Eben,Elvy,eelvyqi@sciencedaily.com,Male,118.4.180.30,account_disabled
956,Claire,Archer,carcherqj@marketwatch.com,Male,249.144.179.165,account_disabled
957,Hale,Polk,hpolkqk@indiatimes.com,Male,182.186.134.11,account_disabled
958,Paxton,Dougill,pdougillql@hc360.com,Male,93.165.137.117,account_created
959,Andros,Salmons,asalmonsqm@timesonline.co.uk,Male,154.92.109.167,account_disabled
960,Vittorio,Kippling,vkipplingqn@oracle.com,Male,240.149.129.180,account_disabled
961,Husain,Grimolbie,hgrimolbieqo@chron.com,Male,114.184.112.185,account_disabled
962,Antons,Phippen,aphippenqp@t-online.de,Male,124.17.83.31,account_created
963,Gino,Dudgeon,gdudgeonqq@nature.com,Male,162.39.195.106,account_disabled
964,Pennie,O'Donnelly,podonnellyqr@goo.gl,Female,168.62.160.202,account_created
965,Cariotta,Balcers,cbalcersqs@nationalgeographic.com,Female,167.46.132.171,account_created
966,Anissa,Mapledoore,amapledooreqt@shinystat.com,Female,43.175.2.127,account_disabled
967,Odille,Guy,oguyqu@hubpages.com,Female,122.74.169.171,account_created
968,Giana,Goacher,ggoacherqv@opera.com,Female,24.26.210.19,account_disabled
969,Gay,Jedrzaszkiewicz,gjedrzaszkiewiczqw@mlb.com,Male,247.213.134.5,account_created
970,Bartlett,Mueller,bmuellerqx@cocolog-nifty.com,Agender,142.25.119.78,account_created
971,Montague,Dorcey,mdorceyqy@zimbio.com,Male,217.95.199.164,account_created
972,Eunice,Tynan,etynanqz@blogtalkradio.com,Female,47.153.89.195,account_disabled
973,Titus,Warcop,twarcopr0@arstechnica.com,Male,207.247.237.122,account_disabled
974,Hendrik,Dashkov,hdashkovr1@github.io,Male,213.225.150.156,account_created
975,Hercule,Gove,hgover2@creativecommons.org,Male,185.78.96.120,account_created
976,,Chaudret,dchaudretr3@livejournal.com,Female,32.37.21.185,account_disabled
977,Tobey,Bottom,tbottomr4@mozilla.org,Non-binary,48.34.198.52,account_disabled
978,Jenni,Jesteco,jjestecor5@census.gov,Agender,101.146.128.140,account_disabled
979,Heidie,Raft,hraftr6@about.com,Female,121.115.44.56,account_disabled
980,Helyn,Moppett,hmoppettr7@w3.org,Genderfluid,55.96.202.52,account_created
981,Araldo,Bristoe,abristoer8@uiuc.edu,Male,243.22.6.48,account_disabled
982,Lorelei,Eunson,leunsonr9@g.co,Female,226.9.94.187,account_disabled
983,Eunice,Jakubovsky,ejakubovskyra@europa.eu,Female,122.90.190.100,account_disabled
984,Neilla,Carah,ncarahrb@chronoengine.com,Female,204.92.116.0,account_disabled
985,Vanya,Keppy,vkeppyrc@smugmug.com,Female,132.128.236.134,account_created
986,Scottie,Coll,scollrd@goo.gl,Male,25.115.199.142,account_created
987,Roxi,Niccols,rniccolsre@creativecommons.org,Genderqueer,152.202.126.69,account_created
988,Bary,Vicary,bvicaryrf@tuttocitta.it,Male,67.255.103.100,account_disabled
989,Matilda,Claire,mclairerg@multiply.com,Female,232.132.209.50,account_disabled
990,Raymund,Claricoats,rclaricoatsrh@seesaa.net,Male,134.57.166.159,account_disabled
991,Aileen,Bracco,abraccori@bigcartel.com,Female,251.98.230.47,account_created
992,Angelo,Halfhead,ahalfheadrj@sun.com,Male,236.55.87.8,account_created
993,Robers,Kornilov,rkornilovrk@1688.com,Male,194.143.36.164,account_disabled
994,Maje,Burchell,mburchellrl@google.es,Male,224.93.39.83,account_disabled
995,Eran,McNee,emcneerm@yolasite.com,Genderfluid,62.70.65.246,account_created
996,Everard,Ramiro,eramirorn@sourceforge.net,Male,109.160.189.244,account_disabled
997,Barbabra,Hartford,bhartfordro@google.com,Female,180.66.27.98,account_disabled
998,Parke,Petters,ppettersrp@histats.com,Genderqueer,102.221.24.228,account_created
999,Dynah,Janouch,djanouchrq@ucsd.edu,Female,42.149.109.252,account_created
1000,Nikki,Hammarberg,nhammarbergrr@java.com,Male,116.185.197.135,account_created
