id,first_name,last_name,email,gender,ip_address,event_type
1,Reuven,Culross,,Male,227.24.206.239,account_disabled
2,Zuzana,Titmuss,ztitmuss1@pbs.org,Female,207.129.203.87,account_created
3,Michaeline,Naldrett,mnaldrett2@google.ca,Non-binary,107.53.81.149,account_created
4,Bennett,O'Kielt,bokielt3@last.fm,Male,76.216.235.171,account_created
5,Opal,Trebbett,otrebbett4@wikia.com,Female,1.216.209.41,account_disabled
6,Sigmund,Durrant,sdurrant5@state.gov,Male,51.41.224.213,account_created
7,Jaimie,Curro,jcurro6@unc.edu,Non-binary,124.144.174.45,account_created
8,Sydney,Iacobo,siacobo7@uiuc.edu,Male,18.123.66.53,account_created
9,Margalit,Reuther,mreuther8@eepurl.com,Female,137.17.11.18,account_created
10,Sashenka,Jatczak,sjatczak9@youtube.com,Female,127.71.249.128,account_created
11,Winny,Edinburough,wedinburougha@diigo.com,Female,166.7.3.124,account_created
12,Cameron,Loosmore,cloosmoreb@gizmodo.com,Male,137.211.74.158,account_created
13,Haskell,Chartman,hchartmanc@wunderground.com,Male,149.133.82.219,account_created
14,Freedman,Lownsbrough,flownsbroughd@blogspot.com,Male,25.194.10.223,account_created
15,Dalli,Ubsdall,dubsdalle@foxnews.com,Male,189.126.58.117,account_created
16,Gaby,Sutheran,gsutheranf@indiegogo.com,Male,64.1.4.212,account_disabled
17,Lay,Padbery,lpadberyg@instagram.com,Male,153.225.22.185,account_disabled
18,Timothee,Infante,tinfanteh@examiner.com,Genderfluid,86.10.98.163,account_created
19,Dorolice,Winkett,dwinketti@baidu.com,Female,224.19.148.168,account_created
20,Ronnica,Francello,rfrancelloj@sogou.com,Female,167.138.10.247,account_disabled
21,Frederico,Arkil,farkilk@spiegel.de,Male,39.219.40.38,account_created
22,Ashby,Mouth,amouthl@blogtalkradio.com,Male,3.34.189.35,account_disabled
23,Claudius,Croysdale,ccroysdalem@buzzfeed.com,Male,147.189.206.179,account_created
24,Melisenda,Harly,mharlyn@engadget.com,Female,120.85.38.138,account_created
25,Mildred,Hallums,mhallumso@dedecms.com,Female,61.163.62.100,account_disabled
26,Dill,Cowherd,dcowherdp@army.mil,Male,3.188.202.199,account_created
27,david,Cosgriff,mcosgriffq@over-blog.com,Female,60.35.219.76,account_created
28,Coralie,Crosen,ccrosenr@geocities.com,Female,213.233.0.209,account_created
29,Reinwald,Napoleon,rnapoleons@tumblr.com,Male,176.254.22.116,account_created
30,Edith,Mournian,emourniant@apache.org,Female,210.33.181.220,account_disabled
31,Boonie,Stonall,bstonallu@columbia.edu,Male,106.37.32.51,account_disabled
32,Rozamond,Grosier,rgrosierv@msn.com,Female,198.143.55.80,account_disabled
33,Dalis,Darwin,ddarwinw@list-manage.com,Male,194.64.104.91,account_disabled
34,Cornall,Eudall,ceudallx@altervista.org,Male,247.10.111.196,account_disabled
35,Kathlin,Sherborn,ksherborny@bbb.org,Female,242.106.38.148,account_disabled
36,Ky,Duffyn,kduffynz@uol.com.br,Male,223.201.96.61,account_disabled
37,Connor,Raselles,craselles10@ucsd.edu,Genderfluid,38.222.91.75,account_created
38,Phoebe,Denford,pdenford11@wiley.com,Female,57.253.219.214,account_disabled
39,Esteban,Martinuzzi,emartinuzzi12@earthlink.net,Male,238.112.225.172,account_disabled
40,david,Hull,mhull13@dmoz.org,Genderfluid,101.22.175.151,account_created